source,frame,label,nose_x,nose_y,nose_z,nose_vis,left_eye_inner_x,left_eye_inner_y,left_eye_inner_z,left_eye_inner_vis,left_eye_x,left_eye_y,left_eye_z,left_eye_vis,left_eye_outer_x,left_eye_outer_y,left_eye_outer_z,left_eye_outer_vis,right_eye_inner_x,right_eye_inner_y,right_eye_inner_z,right_eye_inner_vis,right_eye_x,right_eye_y,right_eye_z,right_eye_vis,right_eye_outer_x,right_eye_outer_y,right_eye_outer_z,right_eye_outer_vis,left_ear_x,left_ear_y,left_ear_z,left_ear_vis,right_ear_x,right_ear_y,right_ear_z,right_ear_vis,mouth_left_x,mouth_left_y,mouth_left_z,mouth_left_vis,mouth_right_x,mouth_right_y,mouth_right_z,mouth_right_vis,left_shoulder_x,left_shoulder_y,left_shoulder_z,left_shoulder_vis,right_shoulder_x,right_shoulder_y,right_shoulder_z,right_shoulder_vis,left_elbow_x,left_elbow_y,left_elbow_z,left_elbow_vis,right_elbow_x,right_elbow_y,right_elbow_z,right_elbow_vis,left_wrist_x,left_wrist_y,left_wrist_z,left_wrist_vis,right_wrist_x,right_wrist_y,right_wrist_z,right_wrist_vis,left_pinky_x,left_pinky_y,left_pinky_z,left_pinky_vis,right_pinky_x,right_pinky_y,right_pinky_z,right_pinky_vis,left_index_x,left_index_y,left_index_z,left_index_vis,right_index_x,right_index_y,right_index_z,right_index_vis,left_thumb_x,left_thumb_y,left_thumb_z,left_thumb_vis,right_thumb_x,right_thumb_y,right_thumb_z,right_thumb_vis,left_hip_x,left_hip_y,left_hip_z,left_hip_vis,right_hip_x,right_hip_y,right_hip_z,right_hip_vis,left_knee_x,left_knee_y,left_knee_z,left_knee_vis,right_knee_x,right_knee_y,right_knee_z,right_knee_vis,left_ankle_x,left_ankle_y,left_ankle_z,left_ankle_vis,right_ankle_x,right_ankle_y,right_ankle_z,right_ankle_vis,left_heel_x,left_heel_y,left_heel_z,left_heel_vis,right_heel_x,right_heel_y,right_heel_z,right_heel_vis,left_foot_index_x,left_foot_index_y,left_foot_index_z,left_foot_index_vis,right_foot_index_x,right_foot_index_y,right_foot_index_z,right_foot_index_vis
squat_wikimedia_01.webm,0,squat_wikimedia,0.458065,0.166028,0.250145,0.9998,0.454033,0.145267,0.231354,0.9999,0.450936,0.141286,0.231372,0.9999,0.447897,0.137749,0.231354,0.9999,0.460222,0.150604,0.210177,0.9999,0.461778,0.150627,0.210176,0.9999,0.463404,0.150707,0.210103,0.9999,0.434656,0.135575,0.167461,0.9999,0.456742,0.15068,0.073406,0.9999,0.448978,0.169762,0.235721,0.9994,0.455576,0.178721,0.207386,0.9994,0.353219,0.212404,0.184956,0.9991,0.446007,0.23087,-0.030009,0.9999,0.291988,0.296803,0.360738,0.9113,0.444044,0.289447,-0.011925,0.9906,0.308432,0.219811,0.534162,0.6233,0.502243,0.209493,0.10804,0.9681,0.310041,0.197386,0.572624,0.5264,0.517618,0.188534,0.122439,0.9484,0.322705,0.198191,0.56825,0.5184,0.512202,0.180931,0.139501,0.9441,0.322817,0.20608,0.539633,0.5002,0.505573,0.188533,0.122991,0.9128,0.335756,0.524665,0.085933,0.9988,0.393363,0.535054,-0.086287,0.9992,0.354195,0.753333,0.06961,0.9148,0.459984,0.757783,-0.04223,0.9846,0.34568,0.984265,-0.000147,0.8205,0.448659,0.992374,-0.104621,0.9494,0.339084,1.003005,-0.005896,0.8857,0.423392,1.026893,-0.105889,0.9322,0.378561,1.005751,-0.028326,0.5279,0.480865,1.07003,-0.111828,0.8004
squat_wikimedia_01.webm,3,squat_wikimedia,0.458485,0.14638,0.260764,0.9998,0.454318,0.127578,0.243276,0.9999,0.451291,0.124304,0.24325,0.9999,0.448294,0.121065,0.243218,0.9999,0.460423,0.131353,0.220723,0.9999,0.461947,0.131291,0.220734,0.9999,0.463526,0.13136,0.220652,0.9999,0.435493,0.116324,0.183556,0.9998,0.45686,0.131496,0.082611,0.9998,0.449763,0.152556,0.24792,0.9993,0.456459,0.159182,0.217496,0.9993,0.355222,0.196091,0.198976,0.9991,0.448265,0.209327,-0.014179,0.9999,0.291983,0.285145,0.352079,0.9116,0.444043,0.273391,0.012016,0.9885,0.307216,0.205721,0.498316,0.6444,0.501725,0.184302,0.140976,0.9636,0.301372,0.175799,0.53275,0.5517,0.51628,0.161777,0.155853,0.9429,0.31649,0.172858,0.529613,0.5439,0.510518,0.154331,0.172065,0.938,0.319087,0.185514,0.503736,0.5223,0.50452,0.162722,0.155381,0.9052,0.341132,0.511333,0.085815,0.9988,0.397579,0.522382,-0.086189,0.9992,0.354996,0.753076,0.078544,0.9113,0.450494,0.757081,-0.061355,0.9848,0.34601,0.983236,0.011645,0.8162,0.448311,0.993881,-0.154744,0.9493,0.340228,1.003011,0.005211,0.8814,0.420041,1.033412,-0.159796,0.9317,0.378406,1.001829,-0.023327,0.526,0.478011,1.071266,-0.185908,0.8005
squat_wikimedia_01.webm,6,squat_wikimedia,0.459648,0.132368,0.23876,0.9995,0.455525,0.114654,0.217309,0.9996,0.452697,0.111728,0.217274,0.9996,0.449766,0.108335,0.217253,0.9997,0.461234,0.11723,0.195565,0.9997,0.462577,0.116771,0.195558,0.9997,0.463979,0.116273,0.195428,0.9997,0.436397,0.09856,0.150566,0.9995,0.457013,0.111664,0.053763,0.9996,0.45123,0.13814,0.224366,0.9989,0.457854,0.142693,0.195092,0.9989,0.357054,0.176664,0.159402,0.9989,0.448798,0.183491,-0.025325,0.9999,0.292312,0.275393,0.250129,0.9127,0.44404,0.26062,0.022922,0.9855,0.307029,0.188738,0.327847,0.6657,0.501232,0.157883,0.19076,0.9577,0.29952,0.154576,0.348092,0.5755,0.514287,0.134868,0.208777,0.9347,0.314727,0.150559,0.346845,0.5679,0.50779,0.127368,0.222817,0.9293,0.317594,0.163175,0.331373,0.5429,0.502018,0.13593,0.204777,0.8948,0.348397,0.496545,0.083365,0.9984,0.401464,0.506187,-0.083741,0.9989,0.357637,0.752797,0.063431,0.9067,0.438818,0.755137,-0.06657,0.984,0.346422,0.983227,0.033935,0.8055,0.44761,0.994157,-0.109155,0.9445,0.341897,1.003331,0.031312,0.8702,0.419313,1.033091,-0.109063,0.926,0.37893,0.999515,-0.004926,0.5135,0.475929,1.067671,-0.166998,0.7876
squat_wikimedia_01.webm,9,squat_wikimedia,0.460469,0.11742,0.196738,0.9993,0.456103,0.097558,0.176864,0.9994,0.453342,0.093962,0.176856,0.9994,0.450548,0.090041,0.176856,0.9995,0.461632,0.100236,0.152991,0.9995,0.462836,0.09916,0.152976,0.9994,0.464113,0.098022,0.152841,0.9995,0.437286,0.080779,0.119473,0.9991,0.456963,0.092835,0.012716,0.9994,0.452166,0.122334,0.185476,0.9985,0.458362,0.127155,0.153668,0.9986,0.358278,0.168765,0.128634,0.9986,0.448741,0.166437,-0.057637,0.9998,0.294266,0.270823,0.203887,0.9099,0.443455,0.26065,-0.024955,0.9831,0.304469,0.186516,0.261502,0.6722,0.498768,0.158846,0.109956,0.9529,0.294527,0.155665,0.277866,0.582,0.511964,0.131484,0.122957,0.9278,0.308091,0.150459,0.276426,0.5744,0.505446,0.121487,0.14148,0.9219,0.31339,0.162276,0.264089,0.5458,0.49938,0.1299,0.124688,0.8857,0.360585,0.493995,0.080143,0.9975,0.412238,0.504121,-0.080465,0.9984,0.361351,0.752685,0.065287,0.8995,0.431966,0.755146,-0.067308,0.9815,0.347564,0.983,0.066701,0.794,0.440996,0.998479,-0.087827,0.9374,0.343281,1.003384,0.064867,0.8577,0.40927,1.0453,-0.087137,0.9185,0.380191,0.999654,0.024346,0.5066,0.46046,1.079138,-0.158522,0.7751
squat_wikimedia_01.webm,12,squat_wikimedia,0.461078,0.114338,0.185491,0.999,0.456433,0.093622,0.165505,0.9991,0.453683,0.089845,0.165512,0.9991,0.450903,0.085814,0.165507,0.9992,0.46188,0.09681,0.143152,0.9993,0.463013,0.095758,0.143151,0.9992,0.464209,0.094541,0.143032,0.9993,0.437547,0.079219,0.106017,0.9987,0.456837,0.090073,0.005754,0.9991,0.452984,0.118544,0.172867,0.9981,0.45896,0.124059,0.14307,0.9983,0.358092,0.169988,0.11054,0.9984,0.448326,0.164827,-0.064409,0.9998,0.294981,0.270882,0.193608,0.9071,0.443882,0.261749,-0.02502,0.9818,0.303779,0.187355,0.270867,0.6737,0.498518,0.158236,0.112193,0.9479,0.295415,0.159201,0.288734,0.5827,0.511548,0.132097,0.124785,0.9209,0.308178,0.153636,0.286988,0.5748,0.50435,0.123036,0.14343,0.9149,0.312213,0.163666,0.273923,0.5435,0.498333,0.130383,0.126958,0.8773,0.364984,0.492444,0.074804,0.9968,0.417664,0.502312,-0.075094,0.998,0.361647,0.752842,0.070319,0.8965,0.430257,0.755494,-0.066647,0.9798,0.347433,0.981309,0.078885,0.7913,0.440131,0.997168,-0.057404,0.9314,0.343158,1.003337,0.07803,0.8519,0.406886,1.042276,-0.054895,0.9114,0.382762,0.99964,0.043546,0.5088,0.458943,1.078643,-0.098291,0.7664
squat_wikimedia_01.webm,15,squat_wikimedia,0.460184,0.108762,0.195918,0.9988,0.455084,0.087926,0.172392,0.9989,0.452201,0.084161,0.172392,0.9988,0.449439,0.080602,0.172371,0.999,0.460932,0.092211,0.153158,0.9991,0.462218,0.091748,0.153167,0.999,0.463569,0.091201,0.153046,0.9992,0.436288,0.077668,0.098375,0.9984,0.456451,0.088963,0.01345,0.9989,0.452227,0.114067,0.17859,0.9977,0.458373,0.120362,0.152829,0.9981,0.356845,0.170483,0.098303,0.998,0.448673,0.166632,-0.057948,0.9997,0.295187,0.269149,0.193152,0.9065,0.444481,0.260688,-0.020091,0.9797,0.303319,0.188638,0.296631,0.6772,0.498569,0.15753,0.123701,0.9424,0.295326,0.160856,0.317929,0.5859,0.511708,0.132398,0.140568,0.9138,0.306511,0.15466,0.317213,0.5777,0.504219,0.123779,0.154327,0.9075,0.312137,0.164777,0.30125,0.5436,0.49839,0.131753,0.136852,0.8683,0.365696,0.492901,0.066743,0.9961,0.420058,0.501309,-0.067028,0.9976,0.36149,0.753112,0.07023,0.893,0.429055,0.756089,-0.049156,0.9768,0.347447,0.981321,0.0702,0.786,0.440348,0.997332,-0.050754,0.923,0.344785,1.004138,0.069126,0.8449,0.406327,1.045415,-0.049596,0.9028,0.382787,0.998304,0.037908,0.5059,0.461658,1.078241,-0.089429,0.7516
squat_wikimedia_01.webm,18,squat_wikimedia,0.460209,0.108504,0.189764,0.9985,0.455095,0.0862,0.166646,0.9986,0.452217,0.082597,0.166644,0.9985,0.449454,0.079185,0.166627,0.9987,0.460924,0.09013,0.147176,0.9989,0.462199,0.089579,0.147178,0.9988,0.463534,0.089017,0.147048,0.9989,0.436263,0.077385,0.095761,0.998,0.45641,0.087885,0.008707,0.9985,0.452446,0.114984,0.172953,0.9973,0.458406,0.120422,0.146928,0.9978,0.354229,0.169582,0.097326,0.9977,0.448794,0.168618,-0.060464,0.9997,0.295224,0.268168,0.203981,0.9041,0.444498,0.260042,-0.019509,0.9783,0.302581,0.190646,0.320668,0.675,0.498086,0.159683,0.122591,0.9379,0.295672,0.163286,0.343083,0.5838,0.51142,0.135084,0.140244,0.9078,0.305082,0.157904,0.340555,0.5754,0.503277,0.126466,0.152813,0.9013,0.311013,0.167984,0.324715,0.5389,0.496896,0.134774,0.135459,0.8607,0.365619,0.489969,0.064787,0.9956,0.42079,0.498724,-0.065055,0.9973,0.362725,0.752749,0.067114,0.8877,0.429018,0.756108,-0.043225,0.9739,0.347396,0.98088,0.064152,0.7825,0.440635,0.996988,-0.050014,0.9161,0.34462,1.004148,0.062698,0.8392,0.406287,1.044144,-0.048912,0.8961,0.382403,0.998454,0.030139,0.509,0.462497,1.074419,-0.086188,0.7428
squat_wikimedia_01.webm,21,squat_wikimedia,0.460272,0.112529,0.180416,0.9982,0.455239,0.090461,0.157801,0.9983,0.45242,0.086985,0.15781,0.9982,0.449685,0.083569,0.15781,0.9984,0.460942,0.094048,0.136845,0.9986,0.462201,0.093467,0.136834,0.9985,0.463531,0.092861,0.136692,0.9987,0.436307,0.080169,0.09025,0.9976,0.456377,0.090465,-0.003905,0.9982,0.452444,0.118222,0.164963,0.9969,0.458393,0.122989,0.136982,0.9974,0.353067,0.170363,0.099106,0.9975,0.448447,0.165688,-0.071651,0.9997,0.295281,0.269196,0.211587,0.8971,0.444503,0.261068,-0.036465,0.9777,0.302865,0.191793,0.319064,0.6715,0.498133,0.160701,0.089879,0.936,0.296253,0.164701,0.340425,0.5819,0.511503,0.136141,0.104197,0.9051,0.306236,0.159524,0.335908,0.5736,0.503312,0.128142,0.117884,0.8986,0.31122,0.169244,0.322092,0.5353,0.497042,0.136402,0.103262,0.8573,0.365869,0.489274,0.066971,0.9952,0.421609,0.497223,-0.067244,0.9971,0.363485,0.748306,0.069014,0.8785,0.429206,0.754778,-0.042893,0.97,0.347814,0.975005,0.081071,0.7759,0.437071,0.991927,-0.043296,0.9077,0.344497,1.001068,0.080718,0.8309,0.406186,1.043935,-0.041221,0.8877,0.382387,0.993647,0.044741,0.5114,0.463078,1.068877,-0.081118,0.7332
squat_wikimedia_01.webm,24,squat_wikimedia,0.459471,0.111652,0.189045,0.9978,0.454329,0.090423,0.165483,0.9979,0.451483,0.087172,0.165488,0.9978,0.448699,0.083923,0.165474,0.9981,0.460046,0.093648,0.146368,0.9983,0.461307,0.093086,0.146365,0.9982,0.462641,0.092449,0.146228,0.9984,0.43562,0.080912,0.090761,0.9971,0.455745,0.090083,0.006509,0.9978,0.451781,0.117029,0.171205,0.9963,0.457731,0.120911,0.145744,0.997,0.352319,0.169824,0.099706,0.9973,0.448566,0.165145,-0.067381,0.9997,0.295271,0.270022,0.229078,0.8885,0.444489,0.261574,-0.031748,0.9772,0.303397,0.191899,0.352744,0.6611,0.497718,0.161108,0.0907,0.9342,0.296643,0.16495,0.381626,0.5741,0.511183,0.137375,0.10524,0.9033,0.30692,0.160694,0.372982,0.5657,0.502214,0.129354,0.116827,0.897,0.31155,0.17044,0.356227,0.5265,0.496245,0.137395,0.103077,0.8549,0.365647,0.48998,0.067676,0.9947,0.42163,0.496638,-0.067933,0.9968,0.364236,0.74772,0.057424,0.864,0.429044,0.754793,-0.043711,0.9654,0.347805,0.973954,0.065723,0.7625,0.436247,0.990336,-0.054657,0.8967,0.344064,1.000274,0.065543,0.8194,0.40501,1.043905,-0.053311,0.878,0.383018,0.99457,0.026783,0.5071,0.463589,1.067467,-0.084836,0.7199
squat_wikimedia_01.webm,27,squat_wikimedia,0.458868,0.109923,0.194567,0.9975,0.453488,0.089324,0.171772,0.9975,0.450653,0.086279,0.171778,0.9974,0.447857,0.083186,0.171765,0.9978,0.45899,0.092029,0.152365,0.998,0.460163,0.091344,0.152363,0.9979,0.461439,0.09062,0.152236,0.9982,0.434611,0.080015,0.092769,0.9966,0.454739,0.088662,0.01213,0.9973,0.451386,0.115665,0.177363,0.9958,0.457218,0.118858,0.151561,0.9966,0.351031,0.169245,0.100307,0.9971,0.448554,0.163389,-0.063805,0.9996,0.295161,0.27027,0.231177,0.8838,0.444127,0.262103,-0.012379,0.9767,0.30406,0.192703,0.359337,0.6576,0.496353,0.161566,0.130764,0.9332,0.296842,0.164801,0.386712,0.5726,0.509567,0.137839,0.149332,0.9024,0.307301,0.160303,0.381243,0.5641,0.50075,0.129695,0.157314,0.8962,0.311783,0.170267,0.36318,0.5238,0.494565,0.137661,0.142331,0.854,0.365762,0.490965,0.068221,0.9942,0.421803,0.497009,-0.068472,0.9966,0.364706,0.747217,0.059108,0.8489,0.428603,0.755903,-0.043863,0.9605,0.347795,0.974108,0.061479,0.746,0.435635,0.990506,-0.060538,0.8843,0.343928,1.00032,0.060309,0.8061,0.405274,1.049525,-0.059687,0.8693,0.383102,0.990726,0.02893,0.4967,0.465691,1.067497,-0.090314,0.7028
squat_wikimedia_01.webm,30,squat_wikimedia,0.458616,0.107238,0.197262,0.9973,0.453156,0.086512,0.174179,0.9973,0.450343,0.083522,0.174186,0.9972,0.447581,0.080488,0.174179,0.9976,0.458611,0.089164,0.155199,0.9978,0.459781,0.088454,0.155198,0.9976,0.461072,0.087739,0.155078,0.998,0.434525,0.077777,0.087261,0.9963,0.454598,0.086214,0.014985,0.997,0.451197,0.113076,0.178998,0.9955,0.456992,0.116277,0.15442,0.9964,0.351088,0.169011,0.08664,0.997,0.449026,0.163969,-0.057483,0.9996,0.295113,0.270759,0.20275,0.8833,0.444009,0.262492,0.039174,0.976,0.30349,0.192555,0.324502,0.6653,0.495052,0.16215,0.22783,0.9313,0.295967,0.162883,0.346418,0.5823,0.508422,0.138117,0.252798,0.9003,0.307146,0.157125,0.341794,0.5737,0.499806,0.129888,0.256922,0.8942,0.311338,0.167916,0.328109,0.5319,0.493336,0.13803,0.238833,0.8522,0.366111,0.491591,0.063472,0.9938,0.421766,0.497596,-0.063721,0.9963,0.364685,0.747537,0.054302,0.8361,0.428377,0.757399,-0.042496,0.9547,0.347652,0.974177,0.052006,0.7306,0.434547,0.990548,-0.0607,0.8684,0.343827,1.000589,0.051017,0.7937,0.405565,1.051126,-0.060132,0.8572,0.382037,0.991373,0.0249,0.4883,0.465802,1.067,-0.091416,0.6833
squat_wikimedia_01.webm,33,squat_wikimedia,0.45754,0.107519,0.213841,0.9972,0.451772,0.086686,0.186015,0.9973,0.448879,0.083784,0.186026,0.9971,0.446076,0.080934,0.186019,0.9975,0.457377,0.089229,0.170554,0.9977,0.458604,0.08847,0.170544,0.9976,0.459932,0.087698,0.170396,0.9979,0.433645,0.0788,0.09435,0.9963,0.453735,0.08666,0.025612,0.9969,0.450122,0.113742,0.18962,0.9954,0.456124,0.116681,0.169232,0.9962,0.350297,0.169744,0.095762,0.997,0.449517,0.165663,-0.053742,0.9996,0.294538,0.271046,0.219008,0.881,0.443296,0.262705,0.023966,0.976,0.303862,0.191817,0.370525,0.6672,0.493381,0.162837,0.182639,0.9307,0.296121,0.162787,0.397785,0.5866,0.507105,0.138852,0.202546,0.8999,0.307262,0.157594,0.391871,0.5778,0.497989,0.13056,0.209779,0.894,0.311425,0.168141,0.374173,0.5348,0.49174,0.138696,0.194024,0.8521,0.365243,0.491982,0.066185,0.9937,0.420929,0.497476,-0.066403,0.9962,0.364573,0.746744,0.055054,0.8261,0.428803,0.757335,-0.048958,0.9532,0.347612,0.973683,0.047537,0.7183,0.434699,0.990568,-0.074868,0.8619,0.343631,1.00052,0.04616,0.7862,0.405782,1.052391,-0.074952,0.8548,0.382636,0.987125,0.021885,0.478,0.471019,1.066592,-0.107458,0.6698
squat_wikimedia_01.webm,36,squat_wikimedia,0.457123,0.10805,0.220528,0.9972,0.451636,0.088193,0.197475,0.9973,0.44883,0.085896,0.197473,0.9972,0.446091,0.083689,0.197459,0.9976,0.457166,0.089864,0.178499,0.9977,0.45843,0.08906,0.17849,0.9976,0.459796,0.088358,0.178345,0.9979,0.433694,0.08106,0.120545,0.9964,0.453525,0.087077,0.034244,0.9969,0.449614,0.114027,0.200727,0.9953,0.455661,0.118074,0.175324,0.9961,0.349712,0.171624,0.141241,0.9969,0.449018,0.166926,-0.052932,0.9996,0.294505,0.277036,0.310497,0.8628,0.443038,0.265152,-0.048864,0.9757,0.305108,0.194114,0.494548,0.6543,0.4927,0.163533,0.000153,0.9333,0.299081,0.1661,0.530646,0.5787,0.505789,0.138955,0.005988,0.9045,0.307889,0.159598,0.526443,0.5696,0.49667,0.131019,0.016644,0.8989,0.31266,0.169323,0.500173,0.5273,0.490732,0.139079,0.010602,0.8579,0.362151,0.49267,0.078361,0.9937,0.41832,0.497588,-0.078543,0.9963,0.36499,0.746008,0.067077,0.8171,0.436314,0.756908,-0.07086,0.9536,0.347606,0.971963,0.071055,0.7047,0.436039,0.991288,-0.117733,0.8614,0.342981,0.999903,0.069986,0.7754,0.406287,1.052898,-0.120064,0.856,0.385085,0.98219,0.045283,0.4673,0.480928,1.058896,-0.154314,0.6677
squat_wikimedia_01.webm,39,squat_wikimedia,0.457915,0.143011,0.153656,0.9974,0.452862,0.122702,0.135349,0.9975,0.450085,0.119733,0.135367,0.9974,0.447411,0.116893,0.135373,0.9978,0.458355,0.12492,0.114122,0.9979,0.45959,0.124049,0.114138,0.9978,0.460908,0.123354,0.114072,0.9981,0.434815,0.112368,0.084289,0.9967,0.453853,0.124281,-0.010979,0.9971,0.449946,0.149252,0.144105,0.9957,0.456163,0.154158,0.115597,0.9963,0.350711,0.194596,0.138586,0.997,0.449009,0.204845,-0.099917,0.9996,0.293753,0.30008,0.3038,0.8565,0.44282,0.293502,-0.10092,0.9751,0.305604,0.215298,0.477349,0.6487,0.496387,0.186554,-0.020515,0.9326,0.299291,0.186792,0.512058,0.5763,0.509829,0.166102,-0.017428,0.9051,0.309376,0.184937,0.50182,0.5674,0.501061,0.15972,-0.006186,0.8999,0.313991,0.195465,0.480255,0.5257,0.495666,0.166946,-0.009118,0.8582,0.35629,0.526301,0.095104,0.994,0.41075,0.534145,-0.095314,0.9965,0.366012,0.748619,0.111415,0.8187,0.463025,0.759416,-0.09215,0.957,0.347545,0.973299,0.13787,0.7087,0.442048,0.999151,-0.12258,0.8707,0.341699,0.999941,0.139701,0.779,0.410083,1.055722,-0.121967,0.8647,0.387484,0.985539,0.130125,0.4675,0.483288,1.060096,-0.139459,0.6839
squat_wikimedia_01.webm,42,squat_wikimedia,0.45828,0.182719,0.103017,0.9977,0.45322,0.160275,0.088695,0.9977,0.450534,0.156992,0.0887,0.9976,0.447961,0.154098,0.08869,0.998,0.458493,0.163321,0.064793,0.9981,0.459685,0.162452,0.064801,0.998,0.460961,0.161796,0.064762,0.9983,0.435437,0.151871,0.058683,0.997,0.453892,0.164178,-0.049275,0.9974,0.450233,0.189583,0.101683,0.996,0.456212,0.194008,0.069406,0.9966,0.350974,0.234373,0.135078,0.9972,0.447979,0.250271,-0.134492,0.9997,0.292267,0.332711,0.317327,0.849,0.443085,0.33105,-0.200114,0.9748,0.304388,0.251847,0.504825,0.6487,0.500708,0.235662,-0.203977,0.9347,0.297931,0.221836,0.542324,0.5809,0.515337,0.215037,-0.217175,0.9092,0.309413,0.22157,0.527525,0.5728,0.508629,0.20737,-0.198473,0.9045,0.313556,0.232824,0.506617,0.5317,0.502219,0.21441,-0.192152,0.8636,0.349606,0.57298,0.101235,0.9945,0.404428,0.580841,-0.101483,0.9968,0.366033,0.764052,0.145245,0.8275,0.483819,0.769124,-0.08072,0.9603,0.347333,0.980718,0.203072,0.7179,0.447422,1.00648,-0.047851,0.8797,0.340554,1.001177,0.208355,0.7853,0.414227,1.057635,-0.039259,0.8724,0.387283,1.006033,0.205162,0.472,0.482702,1.064985,-0.033323,0.7009
squat_wikimedia_01.webm,45,squat_wikimedia,0.45796,0.224583,0.097812,0.9979,0.453078,0.202241,0.079302,0.9979,0.450368,0.198892,0.079305,0.9978,0.447761,0.195945,0.079306,0.9981,0.458431,0.205965,0.057647,0.9983,0.459649,0.205472,0.05764,0.9982,0.460944,0.20516,0.057576,0.9984,0.435368,0.195719,0.035456,0.9973,0.454059,0.209051,-0.062124,0.9976,0.449816,0.231596,0.091999,0.9963,0.455724,0.236109,0.062891,0.9969,0.351474,0.279234,0.111402,0.9973,0.44799,0.295731,-0.145837,0.9997,0.291619,0.370758,0.300417,0.847,0.443304,0.373683,-0.165326,0.9745,0.301511,0.30115,0.471184,0.6606,0.501796,0.290931,-0.104344,0.9362,0.295186,0.27359,0.507347,0.5968,0.516525,0.270814,-0.108477,0.9122,0.307489,0.272161,0.494382,0.5893,0.510543,0.26168,-0.091874,0.9081,0.312633,0.283499,0.4736,0.5478,0.504364,0.26905,-0.091749,0.8679,0.341711,0.614561,0.10066,0.9949,0.400159,0.622893,-0.100951,0.997,0.36639,0.778254,0.178932,0.8345,0.493694,0.77309,-0.051809,0.9631,0.347205,0.985166,0.24719,0.728,0.454292,1.005629,0.017955,0.8876,0.339795,1.003571,0.254268,0.7931,0.434573,1.018711,0.029999,0.8792,0.386577,1.009725,0.261343,0.4768,0.481856,1.063375,0.048932,0.7157
squat_wikimedia_01.webm,48,squat_wikimedia,0.458914,0.305244,0.103145,0.998,0.455779,0.285226,0.085243,0.9981,0.453558,0.282045,0.085255,0.998,0.45132,0.278856,0.085291,0.9982,0.459827,0.288041,0.064427,0.9984,0.460659,0.287369,0.064429,0.9983,0.46159,0.286978,0.064359,0.9986,0.438262,0.275053,0.036529,0.9975,0.454753,0.289915,-0.056926,0.9978,0.450367,0.311335,0.094719,0.9963,0.455714,0.315258,0.066895,0.9969,0.351506,0.339706,0.093192,0.9974,0.446425,0.361435,-0.136109,0.9997,0.286089,0.42366,0.283525,0.8472,0.443722,0.427678,-0.099596,0.9737,0.301594,0.348089,0.457862,0.6614,0.504225,0.353509,0.117311,0.9258,0.29538,0.323235,0.490431,0.6,0.516684,0.337114,0.132911,0.8999,0.308259,0.32444,0.481105,0.5933,0.511525,0.328898,0.148011,0.8965,0.31273,0.334481,0.461787,0.5511,0.506035,0.334981,0.132926,0.8536,0.335577,0.670388,0.098307,0.9952,0.394279,0.68106,-0.098665,0.9973,0.366329,0.806746,0.26498,0.8257,0.496494,0.777246,-0.021118,0.9657,0.347581,0.986809,0.341415,0.7333,0.455428,1.000101,0.028424,0.8954,0.341377,1.00366,0.350314,0.796,0.434304,1.023217,0.039799,0.8853,0.38105,1.010554,0.378781,0.4879,0.47979,1.055357,0.079209,0.7348
squat_wikimedia_01.webm,51,squat_wikimedia,0.460691,0.345687,0.127988,0.9982,0.457725,0.323795,0.108513,0.9982,0.455331,0.320042,0.108522,0.9982,0.452963,0.316701,0.108539,0.9984,0.46217,0.328555,0.086306,0.9985,0.463139,0.328594,0.086308,0.9985,0.464127,0.328815,0.086221,0.9987,0.441251,0.312585,0.039816,0.9977,0.457664,0.331327,-0.055398,0.9979,0.451998,0.351067,0.115584,0.9964,0.456895,0.357166,0.089158,0.997,0.354497,0.381536,0.07455,0.9976,0.446363,0.405068,-0.109085,0.9997,0.282401,0.46224,0.239907,0.8502,0.457376,0.498147,0.022971,0.9687,0.3058,0.391939,0.401903,0.6677,0.506847,0.397128,0.264713,0.8978,0.301305,0.363452,0.437113,0.6086,0.518295,0.380876,0.29163,0.8723,0.31566,0.367823,0.425264,0.6028,0.513391,0.371694,0.302885,0.8699,0.318459,0.378181,0.404926,0.5582,0.508687,0.377808,0.279523,0.8242,0.330509,0.701575,0.089724,0.9957,0.390242,0.712866,-0.090329,0.9975,0.365903,0.802674,0.256956,0.8097,0.496364,0.779421,0.023589,0.9669,0.347576,0.994117,0.324392,0.7283,0.458105,0.99712,0.063675,0.8989,0.341182,1.009694,0.333817,0.7885,0.438635,1.011397,0.073945,0.886,0.375774,1.009315,0.364737,0.4904,0.480199,1.045125,0.115736,0.7451
squat_wikimedia_01.webm,54,squat_wikimedia,0.463955,0.404394,0.143184,0.9982,0.461542,0.38429,0.123918,0.9983,0.458976,0.380237,0.123901,0.9983,0.456374,0.376484,0.123925,0.9985,0.466255,0.389365,0.108338,0.9986,0.467146,0.389195,0.10829,0.9986,0.468028,0.389233,0.108124,0.9987,0.444624,0.371965,0.048091,0.9978,0.460354,0.391332,-0.021274,0.998,0.45382,0.406546,0.119351,0.9962,0.458786,0.413199,0.10301,0.9969,0.355165,0.435956,0.086265,0.9977,0.447652,0.465946,-0.086105,0.9997,0.282931,0.510775,0.246979,0.8445,0.447985,0.534605,0.030485,0.9628,0.310321,0.448689,0.402115,0.6688,0.507319,0.459685,0.262583,0.8706,0.306998,0.420779,0.43571,0.6119,0.519848,0.443757,0.286052,0.8434,0.319899,0.424319,0.423922,0.6067,0.514757,0.433515,0.298853,0.8413,0.322131,0.435367,0.404402,0.5587,0.509294,0.438894,0.277291,0.7929,0.325629,0.746055,0.087264,0.996,0.386714,0.760471,-0.087934,0.9977,0.359824,0.795093,0.279647,0.7869,0.494692,0.783914,0.03886,0.9681,0.347566,0.99264,0.392874,0.7122,0.457668,0.994847,0.136897,0.9009,0.34124,1.009489,0.406471,0.7673,0.444231,1.005198,0.152876,0.8841,0.370992,1.000427,0.437844,0.4884,0.482754,1.030586,0.200698,0.7554
squat_wikimedia_01.webm,57,squat_wikimedia,0.464518,0.441797,0.157862,0.9984,0.462434,0.422836,0.136352,0.9985,0.459788,0.41926,0.136336,0.9984,0.457152,0.415864,0.136354,0.9986,0.467319,0.426717,0.125678,0.9988,0.468247,0.426404,0.125628,0.9987,0.469142,0.426169,0.125464,0.9989,0.446082,0.410326,0.053141,0.998,0.461614,0.425344,0.008168,0.9982,0.454498,0.444044,0.131256,0.9965,0.459444,0.451255,0.121123,0.9971,0.357383,0.467318,0.085979,0.9979,0.447708,0.504155,-0.053878,0.9997,0.282936,0.54126,0.221132,0.8475,0.454851,0.600526,0.072941,0.9573,0.312468,0.480062,0.348648,0.6869,0.509678,0.497496,0.321704,0.8472,0.310232,0.455649,0.378833,0.6317,0.522781,0.48174,0.349912,0.8172,0.322238,0.458352,0.371084,0.6271,0.518039,0.474009,0.364167,0.8158,0.32406,0.468216,0.352335,0.576,0.512455,0.479846,0.337011,0.7657,0.324045,0.777322,0.079247,0.9964,0.384755,0.793232,-0.080013,0.998,0.359845,0.803351,0.289513,0.7602,0.497678,0.793195,0.068639,0.9678,0.347675,0.991488,0.37829,0.6947,0.459282,0.993461,0.175525,0.8997,0.341519,1.004871,0.390328,0.7459,0.447385,1.003301,0.192747,0.8787,0.369301,0.997823,0.424752,0.4861,0.488965,1.033057,0.251758,0.7612
squat_wikimedia_01.webm,60,squat_wikimedia,0.464263,0.456552,0.183364,0.9985,0.462022,0.439145,0.157679,0.9986,0.459339,0.436217,0.157664,0.9986,0.456707,0.433789,0.15766,0.9987,0.467575,0.444492,0.150846,0.9989,0.468871,0.445145,0.150811,0.9988,0.470113,0.445897,0.150651,0.999,0.44628,0.433568,0.057672,0.9982,0.464442,0.448526,0.034888,0.9984,0.454414,0.458876,0.155603,0.9967,0.459499,0.466349,0.147773,0.9973,0.357997,0.495557,0.080555,0.998,0.451175,0.538027,-0.021316,0.9997,0.283323,0.573222,0.210354,0.8504,0.446949,0.614622,0.120577,0.948,0.312287,0.520989,0.354473,0.6968,0.509033,0.539243,0.385451,0.8163,0.310139,0.497073,0.387536,0.6412,0.522544,0.519118,0.420641,0.7837,0.322167,0.497439,0.384138,0.6368,0.517968,0.510043,0.434194,0.7828,0.324809,0.508669,0.360685,0.5815,0.51173,0.517389,0.400485,0.7322,0.32218,0.804282,0.065941,0.9967,0.38679,0.817191,-0.066766,0.9981,0.355301,0.836177,0.285749,0.7443,0.503102,0.797242,0.103869,0.9661,0.348369,0.990977,0.357145,0.6796,0.460422,0.993341,0.214366,0.895,0.342981,1.013621,0.367484,0.7279,0.449206,1.001791,0.232349,0.87,0.369706,0.997852,0.406893,0.4816,0.487534,1.035033,0.304582,0.7615
squat_wikimedia_01.webm,63,squat_wikimedia,0.464226,0.510712,0.145501,0.9987,0.461805,0.49372,0.118771,0.9987,0.459092,0.490199,0.118755,0.9987,0.456444,0.48717,0.118752,0.9989,0.467666,0.499895,0.113681,0.999,0.469097,0.500776,0.113614,0.9989,0.470441,0.501704,0.11346,0.9991,0.446312,0.484676,0.031464,0.9984,0.464997,0.504269,0.015431,0.9985,0.454356,0.511721,0.120505,0.997,0.459474,0.520469,0.114004,0.9975,0.359765,0.544555,0.045864,0.9982,0.453117,0.589037,-0.042721,0.9997,0.283381,0.625206,0.160414,0.8507,0.449612,0.661374,0.085101,0.942,0.310963,0.566348,0.280579,0.7062,0.509615,0.595968,0.324807,0.7963,0.309371,0.541153,0.306303,0.6509,0.523399,0.581218,0.353295,0.7605,0.321581,0.543169,0.300397,0.6474,0.518833,0.570502,0.362676,0.761,0.324167,0.553511,0.284801,0.5882,0.512331,0.575401,0.337122,0.7102,0.321947,0.847638,0.056884,0.997,0.384516,0.868871,-0.057556,0.9983,0.354627,0.840614,0.28702,0.7093,0.501215,0.800936,0.113739,0.9582,0.348398,0.988813,0.368708,0.653,0.459918,0.993463,0.236929,0.8813,0.342811,1.003238,0.379716,0.6984,0.444789,1.004382,0.255312,0.8548,0.362357,1.006244,0.416927,0.4803,0.469201,1.035441,0.32358,0.7606
squat_wikimedia_01.webm,66,squat_wikimedia,0.464173,0.523766,0.14372,0.9988,0.461592,0.507471,0.117039,0.9989,0.458878,0.503816,0.11703,0.9988,0.456232,0.500305,0.117029,0.999,0.467461,0.512972,0.109976,0.9991,0.468921,0.513541,0.109914,0.999,0.470312,0.514224,0.109772,0.9992,0.446142,0.49937,0.030252,0.9985,0.465391,0.516459,0.005455,0.9987,0.454309,0.526236,0.119145,0.9973,0.459489,0.533379,0.11003,0.9978,0.35954,0.556242,0.049747,0.9983,0.454445,0.598465,-0.051081,0.9997,0.284749,0.639646,0.174642,0.851,0.449495,0.6693,0.072721,0.9428,0.310771,0.577405,0.285803,0.7125,0.509173,0.604405,0.317237,0.7918,0.30956,0.552697,0.308271,0.6567,0.523004,0.589752,0.342889,0.7508,0.322382,0.554469,0.298946,0.6539,0.518202,0.579815,0.34943,0.7521,0.324252,0.563842,0.287742,0.5923,0.511767,0.584127,0.328324,0.7014,0.321487,0.854398,0.061839,0.9973,0.382698,0.876364,-0.062457,0.9985,0.355183,0.852287,0.305235,0.6857,0.500428,0.804898,0.096748,0.9563,0.34839,0.990026,0.421086,0.6342,0.459076,0.991909,0.236465,0.8698,0.341625,1.018962,0.435587,0.6753,0.442806,1.000039,0.256514,0.8343,0.361125,1.023846,0.474651,0.4815,0.470373,1.034418,0.320139,0.7586
squat_wikimedia_01.webm,69,squat_wikimedia,0.464039,0.540488,0.134413,0.9989,0.461691,0.524006,0.107594,0.999,0.45902,0.52041,0.107581,0.999,0.456429,0.517033,0.107585,0.9991,0.467664,0.530505,0.10041,0.9992,0.469231,0.531624,0.100351,0.9991,0.470757,0.532923,0.100202,0.9992,0.446565,0.518385,0.02336,0.9987,0.466513,0.53703,-0.005489,0.9988,0.454378,0.542733,0.110957,0.9976,0.460015,0.551015,0.10154,0.998,0.35984,0.573811,0.044635,0.9985,0.457184,0.619513,-0.054269,0.9997,0.285866,0.651252,0.167766,0.8561,0.453391,0.679058,0.07085,0.9431,0.310661,0.585675,0.271216,0.7241,0.509013,0.619605,0.319454,0.786,0.30925,0.561746,0.291209,0.6678,0.522728,0.605373,0.344411,0.7396,0.322033,0.561545,0.281225,0.6657,0.51776,0.597726,0.347973,0.7422,0.324287,0.571389,0.272421,0.6026,0.511377,0.602578,0.329289,0.692,0.321127,0.867903,0.06322,0.9976,0.380935,0.893413,-0.063841,0.9986,0.355414,0.858299,0.295634,0.6769,0.499172,0.806163,0.090383,0.9557,0.348492,0.989584,0.439768,0.6213,0.456916,0.988972,0.264652,0.8571,0.341353,1.026455,0.457344,0.6553,0.441523,0.997211,0.287585,0.8113,0.360519,1.028401,0.497635,0.4845,0.471821,1.022603,0.35411,0.7544
squat_wikimedia_01.webm,72,squat_wikimedia,0.464853,0.550248,0.129742,0.999,0.462599,0.530964,0.106108,0.9991,0.460055,0.526326,0.106082,0.9991,0.457428,0.52186,0.106081,0.9992,0.46813,0.538069,0.096667,0.9993,0.469598,0.538792,0.096609,0.9992,0.471027,0.539608,0.096486,0.9993,0.44701,0.519034,0.030088,0.9988,0.466407,0.540448,-0.00968,0.9989,0.45577,0.553138,0.108904,0.9978,0.461412,0.561621,0.096603,0.9982,0.360501,0.573678,0.051515,0.9986,0.458394,0.623825,-0.054424,0.9998,0.287845,0.648873,0.170781,0.8567,0.473382,0.719968,0.058653,0.9438,0.311978,0.59106,0.274978,0.7274,0.510337,0.625335,0.290188,0.7818,0.313351,0.567443,0.296701,0.6698,0.522888,0.609803,0.313838,0.7305,0.324885,0.569376,0.288719,0.6683,0.517588,0.598934,0.320493,0.7333,0.326014,0.578783,0.277012,0.6036,0.511645,0.604002,0.301077,0.6834,0.321104,0.861007,0.061711,0.9978,0.379599,0.88715,-0.062267,0.9988,0.355563,0.863244,0.293577,0.659,0.499298,0.806128,0.085217,0.9538,0.349298,0.990141,0.39307,0.6083,0.456858,0.989077,0.209789,0.8467,0.341843,1.033527,0.405301,0.6387,0.442339,0.999161,0.227335,0.7923,0.362046,1.038433,0.440153,0.4893,0.481812,1.026157,0.287765,0.7531
squat_wikimedia_01.webm,75,squat_wikimedia,0.467028,0.546576,0.128871,0.9991,0.464937,0.525057,0.110137,0.9992,0.462808,0.520681,0.110101,0.9991,0.460632,0.516706,0.110093,0.9992,0.469528,0.531586,0.095868,0.9993,0.470764,0.532264,0.095823,0.9993,0.471961,0.533046,0.09572,0.9994,0.449949,0.511293,0.049034,0.9989,0.466514,0.534048,-0.014702,0.999,0.459168,0.55009,0.112616,0.9979,0.463667,0.558309,0.093303,0.9983,0.361312,0.562357,0.074418,0.9987,0.458228,0.605245,-0.077742,0.9998,0.289479,0.638367,0.210402,0.8523,0.471381,0.713327,0.017453,0.9443,0.313829,0.604684,0.327592,0.7126,0.510748,0.618546,0.253816,0.7718,0.315609,0.599532,0.355862,0.6521,0.523018,0.603069,0.275204,0.713,0.325094,0.590019,0.343651,0.6508,0.51825,0.591876,0.289111,0.7156,0.325967,0.596819,0.327023,0.5853,0.513133,0.596204,0.266925,0.6652,0.321354,0.85151,0.067858,0.998,0.377087,0.874133,-0.068329,0.9989,0.359145,0.856024,0.304083,0.6431,0.49996,0.804949,0.062846,0.9539,0.349356,0.98784,0.414115,0.598,0.456845,0.98931,0.184463,0.8448,0.34186,1.030529,0.426523,0.6221,0.442901,1.000562,0.200412,0.7809,0.362782,1.041601,0.456465,0.4927,0.491241,1.027513,0.254527,0.7581
squat_wikimedia_01.webm,78,squat_wikimedia,0.468085,0.508778,0.157256,0.9991,0.466016,0.487753,0.148309,0.9992,0.463853,0.483489,0.148231,0.9992,0.461633,0.479597,0.148204,0.9993,0.470215,0.493916,0.125096,0.9993,0.471236,0.494393,0.125064,0.9993,0.472237,0.494995,0.124969,0.9994,0.450128,0.47439,0.110738,0.999,0.466352,0.494237,0.008461,0.999,0.459783,0.511102,0.150032,0.9978,0.464234,0.519348,0.119219,0.9982,0.360421,0.528408,0.128299,0.9988,0.449186,0.565272,-0.066165,0.9998,0.28939,0.622443,0.298261,0.8574,0.457757,0.695384,0.020003,0.9444,0.313397,0.57116,0.480898,0.688,0.508123,0.572453,0.265354,0.7583,0.314596,0.564821,0.522203,0.6251,0.522112,0.557624,0.294779,0.6952,0.324863,0.556914,0.513873,0.6232,0.517171,0.549222,0.313677,0.696,0.325116,0.561479,0.484664,0.5605,0.509959,0.554587,0.281893,0.6452,0.315163,0.824422,0.085086,0.9982,0.367273,0.844145,-0.085773,0.999,0.359438,0.85006,0.372645,0.6112,0.49894,0.800635,0.062417,0.9538,0.349864,0.977008,0.417094,0.5897,0.457591,0.992304,0.083874,0.8527,0.340582,1.019145,0.423898,0.6125,0.445113,1.0016,0.09136,0.7896,0.367834,1.012996,0.463698,0.5029,0.500335,1.029096,0.156431,0.7738
squat_wikimedia_01.webm,81,squat_wikimedia,0.468121,0.493577,0.162589,0.999,0.46633,0.473134,0.150554,0.9992,0.464278,0.468955,0.150479,0.9992,0.462191,0.465086,0.150459,0.9993,0.470282,0.479128,0.129042,0.9994,0.471243,0.479603,0.129007,0.9993,0.472204,0.480159,0.128897,0.9994,0.450636,0.459516,0.104855,0.999,0.466182,0.478704,0.009905,0.999,0.459709,0.495325,0.152952,0.9977,0.464095,0.503398,0.124126,0.9981,0.359253,0.517116,0.123766,0.9989,0.446129,0.556929,-0.064336,0.9998,0.287097,0.582235,0.285942,0.8631,0.455255,0.631255,0.021061,0.9435,0.313239,0.549727,0.452473,0.6706,0.506806,0.556603,0.286932,0.7386,0.31479,0.541051,0.489003,0.6051,0.521499,0.540974,0.318271,0.6725,0.325152,0.533094,0.480347,0.6027,0.516028,0.532182,0.333496,0.6723,0.325356,0.54111,0.455652,0.5419,0.508155,0.537671,0.302682,0.622,0.313332,0.807476,0.092195,0.9984,0.363264,0.833822,-0.092873,0.9991,0.365179,0.830281,0.368813,0.5901,0.498699,0.795713,0.040309,0.9559,0.35183,0.973595,0.434107,0.5911,0.45968,0.993583,0.060369,0.8623,0.341053,1.015332,0.442463,0.6094,0.448662,1.003094,0.068369,0.7993,0.372796,0.997787,0.480536,0.5184,0.509262,1.030072,0.126365,0.7898
squat_wikimedia_01.webm,84,squat_wikimedia,0.467996,0.454481,0.188053,0.9991,0.466257,0.431154,0.170446,0.9993,0.464144,0.426522,0.170374,0.9992,0.462023,0.422376,0.170338,0.9993,0.470484,0.437838,0.154001,0.9994,0.471563,0.43814,0.15397,0.9994,0.472688,0.438428,0.153881,0.9995,0.450556,0.41314,0.105939,0.9991,0.466128,0.43413,0.031671,0.999,0.45943,0.455243,0.171026,0.9978,0.463984,0.465412,0.148928,0.9982,0.35527,0.46249,0.112355,0.999,0.445113,0.499811,-0.040679,0.9998,0.282159,0.52324,0.263494,0.8738,0.447814,0.551381,0.065649,0.943,0.313067,0.491688,0.438628,0.6712,0.506802,0.497802,0.323617,0.7177,0.314318,0.482917,0.475082,0.6006,0.521512,0.480051,0.359143,0.6493,0.325025,0.481065,0.468016,0.5979,0.516047,0.473759,0.373437,0.6482,0.325539,0.486019,0.442953,0.5382,0.50822,0.480147,0.339135,0.6,0.313679,0.753734,0.088209,0.9986,0.363508,0.770505,-0.088845,0.9992,0.366751,0.798189,0.343098,0.5723,0.494252,0.784737,0.034997,0.9582,0.353696,0.973721,0.388112,0.5943,0.459907,0.993691,0.00478,0.8715,0.349612,1.011301,0.389261,0.6092,0.449838,1.003649,0.007424,0.8103,0.37587,0.995144,0.427062,0.5317,0.510976,1.030608,0.05447,0.804
squat_wikimedia_01.webm,87,squat_wikimedia,0.467895,0.402334,0.178355,0.9991,0.466068,0.378922,0.16002,0.9993,0.463923,0.37406,0.159959,0.9993,0.461789,0.369886,0.159928,0.9994,0.470425,0.386629,0.144554,0.9994,0.471538,0.387491,0.144531,0.9994,0.472703,0.388384,0.14445,0.9995,0.45052,0.359906,0.095933,0.9992,0.466036,0.383607,0.026392,0.9991,0.45838,0.399839,0.161739,0.9979,0.463618,0.410755,0.140999,0.9983,0.354674,0.420275,0.106243,0.9991,0.444811,0.451904,-0.041296,0.9998,0.279905,0.484988,0.266477,0.8832,0.448974,0.544223,0.064963,0.9428,0.311788,0.449224,0.465939,0.6713,0.504362,0.456503,0.31059,0.7046,0.313756,0.434984,0.5055,0.5969,0.520442,0.440587,0.342858,0.6352,0.324734,0.43074,0.496594,0.594,0.515079,0.431376,0.356939,0.6334,0.324719,0.440032,0.470166,0.5361,0.507081,0.437304,0.325671,0.5855,0.313836,0.711087,0.086955,0.9987,0.364966,0.728999,-0.087695,0.9993,0.367316,0.771279,0.327754,0.5489,0.489975,0.778966,0.023513,0.9602,0.354042,0.972733,0.386168,0.5813,0.4597,0.991773,0.012388,0.8779,0.348997,1.000306,0.387586,0.5945,0.449562,1.000983,0.017218,0.8173,0.377391,0.985543,0.421564,0.5273,0.505775,1.030899,0.058516,0.8139
squat_wikimedia_01.webm,90,squat_wikimedia,0.467659,0.358486,0.180898,0.9992,0.465998,0.334041,0.163232,0.9994,0.463776,0.329593,0.163162,0.9994,0.461583,0.325695,0.163123,0.9994,0.470379,0.340989,0.146442,0.9995,0.471486,0.341699,0.146429,0.9994,0.472644,0.342357,0.146377,0.9995,0.449759,0.316101,0.10339,0.9992,0.4659,0.336667,0.02792,0.9992,0.45725,0.356788,0.1662,0.9981,0.46285,0.36793,0.143796,0.9984,0.354734,0.375741,0.103718,0.9991,0.444016,0.404806,-0.037014,0.9998,0.278628,0.445463,0.25441,0.8934,0.440868,0.467698,0.058913,0.9445,0.311542,0.403618,0.433738,0.6799,0.501063,0.409947,0.279577,0.6997,0.313676,0.389893,0.468373,0.6008,0.51775,0.391998,0.310389,0.6267,0.324342,0.388973,0.459755,0.5977,0.513567,0.381701,0.342181,0.6231,0.323982,0.395264,0.437347,0.5416,0.505687,0.388988,0.299604,0.5751,0.314349,0.669233,0.084258,0.9988,0.366793,0.683451,-0.084656,0.9993,0.367103,0.775923,0.271871,0.5469,0.48993,0.775018,-0.009733,0.9629,0.352601,0.973618,0.277327,0.5927,0.460216,0.991792,-0.047827,0.8875,0.34834,0.998309,0.278779,0.6057,0.449532,1.001192,-0.046434,0.8303,0.376915,0.993783,0.297517,0.5415,0.495634,1.045556,-0.01802,0.8279
squat_wikimedia_01.webm,93,squat_wikimedia,0.467215,0.260216,0.208531,0.9993,0.46581,0.237425,0.193698,0.9994,0.463482,0.2323,0.193634,0.9994,0.461118,0.226682,0.193584,0.9995,0.470321,0.244026,0.173019,0.9995,0.471438,0.244174,0.173029,0.9995,0.472679,0.243929,0.17299,0.9996,0.44779,0.221578,0.141227,0.9993,0.465838,0.242741,0.049094,0.9992,0.456642,0.264193,0.196344,0.9982,0.462749,0.275396,0.168788,0.9985,0.354727,0.289631,0.140557,0.9992,0.444227,0.315485,-0.032186,0.9999,0.279055,0.355823,0.272797,0.9016,0.438526,0.379173,-0.011628,0.9475,0.312613,0.310053,0.43262,0.6852,0.501331,0.292982,0.105816,0.716,0.313654,0.287668,0.465369,0.6,0.517838,0.276475,0.117359,0.6426,0.324213,0.290142,0.459259,0.5966,0.513838,0.267624,0.141472,0.6373,0.323973,0.298238,0.436325,0.543,0.507321,0.272506,0.122063,0.5877,0.31924,0.585623,0.083541,0.9988,0.371883,0.597091,-0.08393,0.9994,0.359834,0.778722,0.174454,0.5623,0.482817,0.770803,-0.070278,0.9657,0.347763,0.975031,0.172436,0.6083,0.460166,0.994839,-0.140837,0.8968,0.344286,0.998509,0.172903,0.6215,0.449311,1.033398,-0.143909,0.8434,0.376955,0.998216,0.162117,0.5533,0.495361,1.062443,-0.15462,0.8405
squat_wikimedia_01.webm,96,squat_wikimedia,0.467109,0.229631,0.217073,0.9992,0.464695,0.206132,0.199028,0.9993,0.462107,0.201964,0.198969,0.9993,0.459423,0.197961,0.1989,0.9994,0.469818,0.211483,0.179015,0.9994,0.471082,0.211425,0.179018,0.9994,0.472422,0.211328,0.178927,0.9995,0.44521,0.193093,0.136185,0.9992,0.463898,0.21046,0.047915,0.9991,0.456663,0.234246,0.202362,0.998,0.462722,0.241175,0.17569,0.9983,0.355235,0.261474,0.143591,0.9992,0.444823,0.280528,-0.036523,0.9999,0.280297,0.333036,0.283772,0.9043,0.439475,0.33391,-0.002882,0.95,0.313158,0.285053,0.434818,0.6716,0.50119,0.264533,0.145501,0.7328,0.313507,0.267902,0.469535,0.584,0.517211,0.248978,0.163389,0.6616,0.324372,0.267815,0.463828,0.5798,0.513795,0.238309,0.183142,0.6556,0.324329,0.275221,0.438961,0.5291,0.507194,0.242793,0.161287,0.6053,0.325686,0.555564,0.083064,0.9988,0.380538,0.570638,-0.08346,0.9994,0.356668,0.77925,0.138185,0.5846,0.476453,0.76909,-0.056966,0.9672,0.346315,0.978932,0.109792,0.619,0.458798,0.996726,-0.121366,0.9016,0.338475,0.998712,0.107676,0.6346,0.444098,1.041622,-0.12341,0.851,0.376389,0.999441,0.094177,0.5452,0.493253,1.072815,-0.130821,0.8411
squat_wikimedia_01.webm,99,squat_wikimedia,0.467022,0.171309,0.230367,0.999,0.463724,0.147532,0.213749,0.9992,0.460826,0.143003,0.213706,0.9992,0.457818,0.138592,0.213658,0.9993,0.469474,0.153738,0.190962,0.9993,0.470823,0.153869,0.190946,0.9993,0.472272,0.153973,0.190833,0.9994,0.442713,0.127707,0.15853,0.9991,0.462596,0.148341,0.056474,0.9989,0.45666,0.175788,0.21825,0.9977,0.462702,0.182789,0.187637,0.998,0.355286,0.203541,0.156338,0.9991,0.444977,0.217408,-0.029022,0.9999,0.284509,0.287336,0.280228,0.9029,0.43991,0.284445,-0.005296,0.9508,0.309796,0.22494,0.417873,0.6532,0.501009,0.193916,0.131287,0.7477,0.310388,0.203513,0.442106,0.565,0.516543,0.175331,0.14677,0.679,0.322984,0.20219,0.441586,0.5605,0.51294,0.16613,0.16467,0.6722,0.322465,0.213716,0.421853,0.512,0.506764,0.172094,0.146012,0.6211,0.331495,0.509502,0.083659,0.9986,0.388707,0.523486,-0.083952,0.9993,0.355287,0.761749,0.0727,0.6074,0.450059,0.750554,-0.078973,0.9689,0.3451,0.980549,0.057288,0.6183,0.453641,0.996658,-0.112484,0.9047,0.336931,0.999586,0.056382,0.6397,0.428909,1.045796,-0.112275,0.8573,0.378113,1.002766,0.034201,0.5204,0.48801,1.073893,-0.13088,0.8302
squat_wikimedia_01.webm,102,squat_wikimedia,0.465865,0.137971,0.228217,0.9988,0.461686,0.112803,0.213785,0.9991,0.458793,0.109082,0.213731,0.9991,0.45585,0.105662,0.213691,0.9992,0.467246,0.117322,0.188891,0.9992,0.468413,0.117032,0.188867,0.9991,0.469695,0.116917,0.188742,0.9993,0.440889,0.099158,0.166676,0.9988,0.460203,0.114922,0.054442,0.9988,0.455965,0.143296,0.219115,0.9973,0.461728,0.148078,0.185606,0.9977,0.353964,0.181601,0.168272,0.9989,0.445677,0.184951,-0.027359,0.9998,0.285472,0.265152,0.262536,0.9031,0.440318,0.25945,0.004705,0.9516,0.307485,0.18207,0.313527,0.6657,0.500026,0.163705,0.16544,0.7635,0.302002,0.158002,0.328599,0.5786,0.51533,0.144093,0.182528,0.6976,0.31635,0.157598,0.329458,0.5742,0.510763,0.136594,0.19938,0.6904,0.317248,0.166605,0.316444,0.5243,0.505319,0.141669,0.180259,0.639,0.34103,0.490338,0.083579,0.9983,0.397377,0.498341,-0.083914,0.9991,0.355308,0.749555,0.041153,0.6329,0.433962,0.745952,-0.070129,0.9701,0.344271,0.979991,0.013172,0.6269,0.448756,0.994585,-0.098496,0.9057,0.337322,0.999866,0.010344,0.6528,0.42473,1.039843,-0.098906,0.8614,0.379111,1.000183,-0.026237,0.5074,0.482776,1.06979,-0.132551,0.8159
squat_wikimedia_01.webm,105,squat_wikimedia,0.465851,0.132872,0.214348,0.9987,0.461719,0.113835,0.198345,0.999,0.458848,0.110056,0.198309,0.999,0.455931,0.105776,0.198281,0.9991,0.467259,0.118343,0.176032,0.9991,0.468402,0.118172,0.176011,0.999,0.469629,0.117734,0.175906,0.9992,0.441261,0.093556,0.148588,0.9987,0.459895,0.108446,0.040169,0.9987,0.456013,0.136301,0.204512,0.9972,0.461727,0.142409,0.172787,0.9975,0.354739,0.170923,0.158855,0.9986,0.445755,0.174893,-0.05043,0.9998,0.289348,0.257086,0.264605,0.8996,0.440996,0.233158,-0.051995,0.9541,0.30748,0.184357,0.351261,0.6586,0.50072,0.149245,0.053138,0.7819,0.301972,0.161312,0.375209,0.5718,0.515439,0.129307,0.061962,0.7198,0.314016,0.156075,0.370034,0.5673,0.51047,0.121715,0.082748,0.7126,0.315528,0.164783,0.353301,0.5178,0.505362,0.128807,0.068721,0.6621,0.352068,0.493045,0.083953,0.9978,0.406957,0.503097,-0.084289,0.9989,0.355487,0.747015,0.068032,0.656,0.421089,0.750023,-0.067699,0.9711,0.343774,0.980767,0.055694,0.637,0.444306,0.994482,-0.098177,0.9092,0.338339,1.000376,0.053118,0.6657,0.417899,1.05123,-0.099763,0.8672,0.378449,0.998014,0.014761,0.5011,0.472894,1.07011,-0.146694,0.8121
squat_wikimedia_01.webm,108,squat_wikimedia,0.465913,0.12409,0.209497,0.9986,0.461745,0.104839,0.192096,0.9988,0.458885,0.100809,0.192065,0.9988,0.455967,0.096514,0.192038,0.999,0.467277,0.109866,0.170484,0.999,0.468427,0.109655,0.170464,0.9989,0.469652,0.109135,0.170361,0.9991,0.441493,0.088252,0.138598,0.9985,0.459756,0.101969,0.031024,0.9986,0.456255,0.128167,0.197674,0.997,0.461887,0.134842,0.167545,0.9974,0.355708,0.169925,0.14998,0.9984,0.446294,0.179158,-0.051627,0.9998,0.292202,0.264307,0.218591,0.9,0.441812,0.24994,-0.045272,0.9551,0.307626,0.186332,0.295359,0.6593,0.500778,0.157686,0.055536,0.7958,0.301988,0.160154,0.312625,0.5702,0.51484,0.135026,0.0648,0.7362,0.314406,0.155914,0.309797,0.5658,0.50879,0.127478,0.082184,0.729,0.315978,0.164616,0.297443,0.5167,0.503005,0.135428,0.069147,0.6787,0.361894,0.491548,0.077898,0.9973,0.415223,0.503684,-0.078099,0.9986,0.357043,0.747849,0.059399,0.6772,0.425054,0.751788,-0.062345,0.9713,0.345383,0.979078,0.0546,0.6515,0.436731,0.992323,-0.078983,0.9104,0.340231,0.999745,0.052204,0.6808,0.410392,1.050789,-0.078571,0.87,0.380414,0.995599,0.010535,0.5072,0.456066,1.067646,-0.119123,0.8087
squat_wikimedia_01.webm,111,squat_wikimedia,0.465729,0.122412,0.182113,0.9983,0.461539,0.101474,0.164014,0.9986,0.458706,0.097599,0.164022,0.9985,0.455837,0.093576,0.163996,0.9987,0.467093,0.106514,0.139831,0.9988,0.468253,0.106422,0.139819,0.9987,0.469497,0.106038,0.139698,0.9989,0.441279,0.088199,0.111828,0.9981,0.459793,0.10119,0.001207,0.9984,0.456223,0.126928,0.171623,0.9967,0.461791,0.133118,0.139161,0.9972,0.355718,0.173837,0.123139,0.9981,0.446666,0.175365,-0.073658,0.9998,0.293055,0.266947,0.229498,0.8901,0.442512,0.253567,-0.076729,0.9575,0.30749,0.195408,0.337715,0.643,0.500826,0.16012,0.00087,0.8113,0.302034,0.170328,0.361372,0.5556,0.514921,0.13558,0.006122,0.7554,0.312845,0.166168,0.355313,0.5513,0.508241,0.127032,0.023593,0.7486,0.314378,0.174951,0.340013,0.5042,0.502694,0.135168,0.014169,0.6997,0.363299,0.491615,0.074768,0.9966,0.417961,0.500659,-0.07492,0.9982,0.357187,0.750892,0.074255,0.6907,0.422674,0.753896,-0.054102,0.969,0.345325,0.979721,0.084341,0.6586,0.43676,0.995059,-0.062297,0.9056,0.340257,0.999871,0.083513,0.6892,0.408251,1.04578,-0.060516,0.8657,0.382711,1.023831,0.047318,0.5104,0.456761,1.074338,-0.095816,0.7981
squat_wikimedia_01.webm,114,squat_wikimedia,0.465672,0.123643,0.174478,0.998,0.461528,0.105531,0.153694,0.9983,0.458714,0.101262,0.153711,0.9983,0.455871,0.097322,0.153696,0.9985,0.467004,0.108597,0.131416,0.9986,0.468138,0.108205,0.13141,0.9985,0.469364,0.107418,0.131289,0.9987,0.441371,0.089107,0.09197,0.9978,0.45982,0.10106,-0.00834,0.9981,0.456206,0.125774,0.160987,0.9964,0.461767,0.130512,0.131118,0.997,0.355236,0.172629,0.09428,0.9979,0.446871,0.168673,-0.072118,0.9997,0.293174,0.263507,0.209876,0.8806,0.442843,0.253786,-0.061942,0.959,0.307231,0.198106,0.323615,0.6299,0.500929,0.158623,0.021761,0.8245,0.301766,0.174194,0.344798,0.5443,0.514987,0.136019,0.030722,0.7718,0.31161,0.169015,0.338306,0.5399,0.50801,0.128695,0.045127,0.7653,0.313043,0.177745,0.326065,0.4938,0.502269,0.137355,0.034296,0.7176,0.364186,0.49081,0.064136,0.996,0.421057,0.499236,-0.06429,0.9978,0.35729,0.751058,0.07139,0.7064,0.423722,0.754832,-0.049002,0.9652,0.344658,0.979886,0.081706,0.6652,0.438031,0.995566,-0.045514,0.8979,0.340815,0.999993,0.081019,0.6979,0.407336,1.043365,-0.043704,0.8609,0.380411,1.013418,0.047155,0.5093,0.456817,1.072307,-0.074947,0.782
squat_wikimedia_01.webm,117,squat_wikimedia,0.465208,0.120574,0.167541,0.9978,0.461264,0.102403,0.145647,0.9982,0.45855,0.099161,0.145657,0.9981,0.455797,0.09582,0.145637,0.9983,0.466541,0.106028,0.125796,0.9984,0.46762,0.105851,0.1258,0.9983,0.468782,0.104848,0.125695,0.9986,0.441421,0.088999,0.078913,0.9977,0.459303,0.100642,-0.009421,0.9979,0.455759,0.122662,0.151789,0.9962,0.461108,0.126989,0.125475,0.9969,0.354597,0.174374,0.084397,0.9976,0.447683,0.169486,-0.072249,0.9997,0.293588,0.26542,0.220362,0.871,0.443014,0.251558,-0.050919,0.9601,0.307288,0.20763,0.370922,0.6119,0.499843,0.15672,0.046503,0.8346,0.301178,0.184688,0.398798,0.5292,0.514101,0.136783,0.05735,0.7848,0.310906,0.179041,0.38981,0.5246,0.506286,0.131428,0.068346,0.7785,0.312668,0.187355,0.373962,0.4798,0.499801,0.138669,0.05793,0.7312,0.363548,0.489772,0.062033,0.9955,0.421159,0.496516,-0.062189,0.9975,0.360225,0.747541,0.066175,0.7157,0.423193,0.755836,-0.045637,0.9638,0.344734,0.977175,0.069015,0.6739,0.434419,0.993844,-0.050149,0.8958,0.340828,0.998849,0.067245,0.7065,0.402086,1.041672,-0.049831,0.8601,0.380311,1.000939,0.036193,0.5193,0.457205,1.068584,-0.085736,0.777
squat_wikimedia_01.webm,120,squat_wikimedia,0.465423,0.123709,0.174686,0.9977,0.46151,0.105996,0.153177,0.998,0.458936,0.102918,0.153241,0.998,0.45634,0.099499,0.153243,0.9982,0.466548,0.109132,0.130658,0.9983,0.467626,0.108682,0.13069,0.9982,0.468739,0.10793,0.130554,0.9984,0.441593,0.090783,0.089578,0.9976,0.458902,0.101908,-0.003992,0.9977,0.45614,0.126086,0.160243,0.9961,0.461182,0.129952,0.129993,0.9968,0.354566,0.171498,0.094495,0.9975,0.446977,0.163251,-0.069521,0.9997,0.293855,0.266184,0.249961,0.8625,0.443051,0.251847,-0.071136,0.9613,0.307332,0.190174,0.408909,0.6042,0.499716,0.155001,-0.016989,0.845,0.30078,0.167322,0.437122,0.5239,0.513614,0.133987,-0.011597,0.7978,0.311173,0.161649,0.430984,0.5189,0.505568,0.127938,0.002965,0.7916,0.313042,0.170665,0.412833,0.475,0.499477,0.1356,-0.005012,0.7448,0.363374,0.486241,0.063286,0.9952,0.420389,0.491879,-0.063515,0.9974,0.360525,0.745371,0.070276,0.7244,0.42324,0.756346,-0.046971,0.9609,0.344632,0.977445,0.070278,0.6775,0.434055,0.993933,-0.0628,0.8909,0.34043,0.999712,0.06838,0.7122,0.401749,1.046982,-0.062551,0.8579,0.380138,0.999693,0.033787,0.5198,0.459972,1.070785,-0.105144,0.7653
squat_wikimedia_01.webm,123,squat_wikimedia,0.464472,0.120146,0.191886,0.9975,0.460928,0.102867,0.168513,0.9979,0.45847,0.099968,0.168565,0.9978,0.455996,0.096848,0.16856,0.9981,0.465916,0.106004,0.147237,0.9982,0.467039,0.105642,0.147258,0.9981,0.468207,0.105075,0.147117,0.9984,0.441649,0.089238,0.090589,0.9974,0.458813,0.100474,-0.001105,0.9976,0.455133,0.121783,0.17395,0.996,0.460251,0.125456,0.145374,0.9966,0.353877,0.173163,0.100025,0.9973,0.447004,0.164898,-0.06731,0.9997,0.293884,0.267608,0.269628,0.8522,0.443572,0.253601,-0.059927,0.9626,0.307378,0.193622,0.441099,0.5922,0.499694,0.15771,0.040384,0.8543,0.300818,0.169178,0.472916,0.5155,0.513093,0.136784,0.050968,0.8099,0.311207,0.16322,0.465915,0.5102,0.504915,0.128844,0.066259,0.8039,0.313187,0.172567,0.445071,0.4673,0.499142,0.136733,0.0535,0.7578,0.363444,0.487341,0.06424,0.995,0.420706,0.490683,-0.064449,0.9973,0.361121,0.745626,0.074884,0.7346,0.425194,0.756917,-0.045363,0.9603,0.344509,0.977751,0.073745,0.6847,0.434957,0.994382,-0.065646,0.8904,0.340188,0.999762,0.072023,0.7212,0.402721,1.048701,-0.065375,0.86,0.380024,0.997453,0.041774,0.5209,0.461897,1.070135,-0.104523,0.7582
squat_wikimedia_01.webm,126,squat_wikimedia,0.462894,0.115229,0.193475,0.9974,0.459444,0.097967,0.172271,0.9978,0.45708,0.095314,0.172307,0.9978,0.454719,0.092512,0.172288,0.998,0.46445,0.100824,0.150709,0.9981,0.465662,0.100498,0.15073,0.998,0.466913,0.100037,0.1506,0.9983,0.44129,0.085825,0.104852,0.9974,0.458462,0.096581,0.008939,0.9974,0.453843,0.118101,0.178078,0.9958,0.459178,0.121562,0.149162,0.9965,0.352548,0.172899,0.122378,0.9972,0.446978,0.167085,-0.066471,0.9997,0.293769,0.269672,0.295994,0.8404,0.443692,0.253029,-0.068567,0.9638,0.307408,0.199219,0.481774,0.5722,0.499718,0.152971,-0.009655,0.8632,0.300974,0.174679,0.516735,0.4996,0.51301,0.131984,-0.003559,0.8216,0.310932,0.167869,0.508931,0.494,0.5047,0.124583,0.009396,0.8158,0.313423,0.178439,0.485769,0.4532,0.498596,0.132794,0.001949,0.7701,0.362741,0.48799,0.069075,0.9946,0.419744,0.490706,-0.069244,0.997,0.361452,0.745492,0.071567,0.7388,0.425728,0.757197,-0.0566,0.959,0.344455,0.978577,0.064725,0.6833,0.434959,0.996207,-0.094092,0.8874,0.34021,1.000345,0.062093,0.7233,0.402951,1.055447,-0.095756,0.8599,0.380764,0.997654,0.031685,0.515,0.462564,1.071062,-0.137945,0.7483
squat_wikimedia_01.webm,129,squat_wikimedia,0.463739,0.127844,0.19048,0.9973,0.460308,0.109075,0.172362,0.9977,0.458162,0.105991,0.172393,0.9976,0.456037,0.102653,0.172378,0.9979,0.464697,0.111595,0.14865,0.998,0.46574,0.1107,0.148658,0.9979,0.466942,0.109703,0.14852,0.9982,0.442396,0.091936,0.127584,0.9973,0.458336,0.103544,0.008965,0.9972,0.454408,0.128692,0.178468,0.9955,0.459298,0.132104,0.146216,0.9962,0.352286,0.176772,0.152702,0.9972,0.44442,0.168108,-0.073896,0.9997,0.293657,0.273572,0.31988,0.8203,0.443842,0.25359,-0.131955,0.9657,0.310413,0.201136,0.486169,0.5451,0.499762,0.159476,-0.135385,0.8725,0.307241,0.175406,0.517496,0.4772,0.513161,0.136333,-0.139514,0.8336,0.315168,0.169475,0.509478,0.4718,0.504737,0.128121,-0.123053,0.8281,0.316462,0.178757,0.48913,0.4344,0.498686,0.136719,-0.123558,0.7832,0.361271,0.489988,0.083395,0.9944,0.418279,0.491927,-0.083505,0.9969,0.362776,0.742491,0.078166,0.7353,0.427563,0.754215,-0.078446,0.9579,0.344686,0.978446,0.080527,0.6724,0.436152,0.996553,-0.119414,0.8837,0.340203,1.00047,0.078673,0.7161,0.404374,1.056599,-0.121377,0.8589,0.385918,0.996466,0.048623,0.5052,0.470313,1.070138,-0.161169,0.7419
squat_wikimedia_01.webm,132,squat_wikimedia,0.463768,0.136419,0.176742,0.9974,0.460323,0.117545,0.164515,0.9978,0.458176,0.11423,0.16454,0.9978,0.456033,0.110721,0.164519,0.998,0.464721,0.120692,0.137745,0.9981,0.465775,0.120038,0.137768,0.998,0.466982,0.119275,0.13767,0.9983,0.44236,0.101161,0.125956,0.9975,0.458323,0.11419,0.006377,0.9973,0.454423,0.13803,0.171576,0.9957,0.459366,0.142223,0.135479,0.9962,0.351822,0.182318,0.156059,0.9972,0.444558,0.180363,-0.080588,0.9997,0.293435,0.278604,0.34756,0.8068,0.443519,0.263746,-0.137934,0.9669,0.311837,0.208593,0.549884,0.5242,0.499977,0.169761,-0.13234,0.8804,0.310543,0.18409,0.58787,0.4598,0.513732,0.147868,-0.135798,0.8441,0.31907,0.178634,0.5793,0.4544,0.505606,0.140017,-0.121917,0.8389,0.31938,0.187884,0.553846,0.4204,0.499479,0.148326,-0.121447,0.7945,0.358282,0.491693,0.089279,0.9945,0.415881,0.500995,-0.089453,0.9969,0.365652,0.748468,0.06938,0.7435,0.448136,0.755998,-0.074196,0.9586,0.344807,0.983884,0.066007,0.6728,0.442118,1.003876,-0.101163,0.8845,0.340173,1.003867,0.063806,0.7186,0.407183,1.057154,-0.100913,0.8614,0.386231,1.001294,0.036315,0.4974,0.478998,1.069866,-0.129918,0.7398
squat_wikimedia_01.webm,135,squat_wikimedia,0.462839,0.151178,0.105293,0.9976,0.45897,0.130801,0.089469,0.998,0.456561,0.127809,0.089477,0.998,0.454155,0.125284,0.08945,0.9982,0.463866,0.134197,0.066539,0.9983,0.465079,0.133749,0.066554,0.9982,0.466394,0.133631,0.066519,0.9984,0.440965,0.126082,0.055038,0.9977,0.458268,0.138896,-0.048632,0.9975,0.453834,0.159082,0.102513,0.996,0.459078,0.16369,0.071523,0.9965,0.353056,0.208304,0.124401,0.9973,0.445378,0.225182,-0.134426,0.9997,0.291119,0.297214,0.324435,0.8036,0.443869,0.291734,-0.212901,0.9671,0.305288,0.229204,0.526775,0.5256,0.502643,0.20771,-0.233511,0.8864,0.298983,0.203766,0.566589,0.465,0.516813,0.185771,-0.247123,0.853,0.312112,0.2036,0.551071,0.4601,0.510745,0.177995,-0.228185,0.8484,0.3158,0.215319,0.528771,0.4264,0.504022,0.18678,-0.221878,0.8046,0.354261,0.541512,0.09654,0.9948,0.410444,0.550913,-0.096783,0.9971,0.365634,0.758421,0.122486,0.761,0.469254,0.760175,-0.068269,0.9616,0.344837,0.984666,0.170231,0.6886,0.448411,1.005766,-0.048688,0.8922,0.340015,1.003873,0.174228,0.7333,0.413107,1.056979,-0.041639,0.8699,0.385828,1.008255,0.165147,0.5017,0.48113,1.069668,-0.044548,0.7512
squat_wikimedia_01.webm,138,squat_wikimedia,0.462589,0.225339,0.115016,0.9979,0.458743,0.205258,0.105625,0.9982,0.456313,0.202358,0.10563,0.9981,0.453881,0.199783,0.105612,0.9984,0.463656,0.20801,0.077841,0.9984,0.464864,0.207471,0.077848,0.9984,0.466141,0.207342,0.077789,0.9986,0.440995,0.197757,0.076831,0.9979,0.458318,0.212593,-0.038065,0.9978,0.453583,0.231074,0.117708,0.9963,0.458819,0.2352,0.08019,0.9968,0.354031,0.284452,0.157887,0.9975,0.44599,0.291636,-0.131291,0.9997,0.291021,0.369079,0.367385,0.8013,0.444042,0.365345,-0.234643,0.9684,0.307727,0.297838,0.567347,0.5269,0.503062,0.291593,-0.272975,0.8949,0.30452,0.278318,0.611314,0.4694,0.516973,0.273287,-0.288637,0.8643,0.315355,0.278169,0.596717,0.4647,0.511707,0.264095,-0.263405,0.8601,0.320529,0.28878,0.56982,0.4324,0.505089,0.271023,-0.258866,0.818,0.345938,0.606124,0.108305,0.9952,0.403981,0.610874,-0.108696,0.9973,0.365527,0.781541,0.171727,0.7789,0.490135,0.767905,-0.053333,0.9646,0.344939,0.989941,0.21208,0.7047,0.450123,1.008259,-0.008515,0.9001,0.33921,1.007948,0.215969,0.7489,0.413077,1.056129,0.001804,0.8787,0.385793,1.016931,0.217441,0.5059,0.48044,1.074133,0.020587,0.7651
squat_wikimedia_01.webm,141,squat_wikimedia,0.462025,0.28309,0.103186,0.998,0.458482,0.26203,0.08839,0.9983,0.456064,0.258785,0.088394,0.9982,0.45362,0.255792,0.0884,0.9984,0.463291,0.265429,0.065029,0.9985,0.464432,0.264995,0.065042,0.9985,0.465608,0.264947,0.064983,0.9987,0.440993,0.253996,0.050438,0.9981,0.458317,0.269357,-0.053339,0.9979,0.453011,0.288487,0.099335,0.9963,0.458123,0.292914,0.068095,0.9968,0.354188,0.330622,0.116514,0.9976,0.446433,0.348493,-0.137044,0.9997,0.289666,0.408489,0.32851,0.8036,0.445308,0.411214,-0.17378,0.9681,0.307801,0.343166,0.531061,0.5298,0.504698,0.338651,-0.064671,0.8948,0.304566,0.324593,0.607507,0.4751,0.517281,0.320384,-0.06123,0.8651,0.316044,0.327442,0.557654,0.4708,0.51272,0.311472,-0.038966,0.8616,0.320495,0.334874,0.529219,0.4383,0.506762,0.318567,-0.048218,0.8179,0.339657,0.650468,0.10317,0.9956,0.398682,0.658921,-0.10358,0.9975,0.365576,0.797761,0.249265,0.7856,0.4962,0.773857,-0.013107,0.9666,0.345858,0.989279,0.29676,0.7172,0.45507,0.998681,0.035028,0.9064,0.339742,1.005628,0.30255,0.7621,0.428037,1.008583,0.047426,0.8856,0.382584,1.015623,0.322384,0.5109,0.473403,1.061561,0.089148,0.777
squat_wikimedia_01.webm,144,squat_wikimedia,0.466079,0.353143,0.12046,0.9981,0.462976,0.330934,0.105702,0.9984,0.46057,0.327655,0.105705,0.9984,0.458002,0.324295,0.105721,0.9985,0.466823,0.333734,0.083831,0.9986,0.467426,0.33314,0.083835,0.9986,0.46802,0.332818,0.083754,0.9988,0.44501,0.319974,0.061687,0.9982,0.46019,0.335274,-0.037532,0.998,0.455641,0.35936,0.112874,0.9962,0.460021,0.363332,0.084176,0.9968,0.355845,0.392887,0.107547,0.9977,0.447127,0.411585,-0.130898,0.9997,0.288311,0.463148,0.289878,0.8033,0.446644,0.47386,-0.031764,0.9669,0.307872,0.399823,0.460344,0.5367,0.50908,0.40113,0.177871,0.8826,0.304781,0.377956,0.502911,0.4843,0.520688,0.384233,0.196808,0.852,0.317151,0.379685,0.482835,0.4803,0.516481,0.374668,0.211629,0.8487,0.321912,0.389279,0.46147,0.4448,0.511534,0.380792,0.193609,0.8017,0.333505,0.703858,0.097764,0.9959,0.394073,0.715381,-0.098517,0.9977,0.363641,0.79005,0.264777,0.7766,0.49593,0.780307,0.026465,0.9678,0.346889,0.988999,0.348632,0.7112,0.459295,0.996901,0.08807,0.9091,0.34237,1.005262,0.358738,0.7588,0.426157,1.017826,0.100423,0.8883,0.374745,1.005374,0.385995,0.5081,0.477831,1.041397,0.138638,0.7838
squat_wikimedia_01.webm,147,squat_wikimedia,0.466003,0.384662,0.161217,0.9983,0.462881,0.363369,0.134458,0.9985,0.460489,0.359782,0.134445,0.9985,0.457813,0.356918,0.134475,0.9987,0.466922,0.368439,0.126848,0.9988,0.46778,0.368501,0.126821,0.9987,0.468663,0.368812,0.126695,0.9989,0.445095,0.355291,0.056131,0.9983,0.46256,0.373553,0.004508,0.9982,0.455614,0.387277,0.132003,0.9964,0.460198,0.394762,0.1238,0.9969,0.35646,0.428685,0.077885,0.9979,0.451116,0.458835,-0.067998,0.9997,0.286887,0.504349,0.231815,0.8138,0.446924,0.51482,0.068827,0.9649,0.308386,0.443207,0.387619,0.5673,0.510099,0.449314,0.314594,0.8682,0.304794,0.414273,0.423217,0.5163,0.523281,0.432661,0.344093,0.8367,0.319426,0.41998,0.412979,0.5129,0.519168,0.423189,0.354807,0.8342,0.32269,0.430932,0.391524,0.474,0.513262,0.428788,0.328941,0.7862,0.328348,0.736462,0.081377,0.9963,0.391633,0.749782,-0.082212,0.998,0.358896,0.793349,0.295949,0.7503,0.492316,0.785171,0.071105,0.968,0.346804,0.988945,0.373477,0.6975,0.459102,0.99532,0.129265,0.9106,0.342321,1.005097,0.384456,0.746,0.439702,1.008975,0.140974,0.8891,0.365857,1.00147,0.419723,0.507,0.480875,1.036607,0.186877,0.7919
squat_wikimedia_01.webm,150,squat_wikimedia,0.466053,0.426109,0.164573,0.9984,0.463361,0.407811,0.139244,0.9986,0.460853,0.404454,0.139226,0.9986,0.458168,0.401482,0.13924,0.9988,0.467801,0.411731,0.130014,0.9989,0.468751,0.411583,0.129982,0.9988,0.469659,0.41154,0.129837,0.999,0.446368,0.39714,0.059925,0.9985,0.46382,0.413035,0.010131,0.9983,0.455891,0.427292,0.137701,0.9966,0.460785,0.435096,0.127853,0.9971,0.357714,0.457865,0.077827,0.998,0.451773,0.497448,-0.050258,0.9997,0.287477,0.540309,0.223243,0.8188,0.446312,0.562038,0.083521,0.9587,0.312626,0.474825,0.361246,0.5919,0.512504,0.481283,0.332254,0.8508,0.310506,0.447181,0.390452,0.5418,0.525663,0.463301,0.360962,0.8187,0.324005,0.45012,0.382552,0.5388,0.521553,0.454994,0.37244,0.8171,0.32595,0.460358,0.365017,0.4963,0.515676,0.461944,0.346619,0.7668,0.326696,0.76723,0.073057,0.9967,0.38963,0.780943,-0.073818,0.9982,0.356021,0.802637,0.285435,0.747,0.498142,0.789407,0.086861,0.9688,0.346311,0.988679,0.385661,0.6888,0.459728,0.992054,0.201013,0.91,0.33717,1.005633,0.39936,0.7347,0.446435,1.001798,0.219061,0.8872,0.359319,0.997098,0.434257,0.4998,0.493771,1.026832,0.278462,0.793
squat_wikimedia_01.webm,153,squat_wikimedia,0.465773,0.462312,0.169252,0.9985,0.463251,0.444208,0.142152,0.9988,0.460728,0.44089,0.142133,0.9988,0.458056,0.438227,0.142127,0.9989,0.468104,0.449031,0.135656,0.999,0.469307,0.449201,0.135622,0.9989,0.470464,0.449439,0.135465,0.9991,0.447056,0.4364,0.052879,0.9986,0.465414,0.451477,0.019909,0.9985,0.455668,0.463002,0.140856,0.9968,0.460778,0.47037,0.134051,0.9973,0.360664,0.500285,0.060916,0.9982,0.453332,0.536842,-0.028656,0.9997,0.287554,0.585043,0.185883,0.8205,0.446663,0.612121,0.108817,0.9523,0.313351,0.523409,0.318915,0.6108,0.512932,0.533433,0.355731,0.8271,0.310573,0.496216,0.347846,0.5606,0.527223,0.516502,0.385957,0.7928,0.324313,0.497761,0.342946,0.558,0.523144,0.507477,0.399035,0.7918,0.326266,0.508565,0.324385,0.5098,0.516529,0.51324,0.369804,0.7408,0.325019,0.806031,0.059963,0.997,0.390249,0.820189,-0.060733,0.9983,0.345059,0.834783,0.289066,0.7177,0.498722,0.794755,0.11905,0.9654,0.346538,0.989736,0.38414,0.6607,0.459972,0.992191,0.252073,0.8991,0.337778,1.008124,0.397333,0.7036,0.446455,1.001499,0.272054,0.8738,0.362308,0.997491,0.436647,0.4904,0.490615,1.032647,0.339638,0.7879
squat_wikimedia_01.webm,156,squat_wikimedia,0.465473,0.48107,0.17026,0.9987,0.463137,0.461211,0.142111,0.9989,0.460444,0.457433,0.142094,0.9989,0.457719,0.454356,0.142079,0.999,0.468231,0.468372,0.134392,0.9991,0.469649,0.469381,0.13435,0.999,0.471058,0.470396,0.134196,0.9991,0.447009,0.455159,0.046205,0.9987,0.466762,0.473926,0.013001,0.9986,0.454969,0.482373,0.141452,0.9971,0.46075,0.490134,0.132962,0.9975,0.361636,0.527929,0.060721,0.9983,0.455177,0.564978,-0.041784,0.9997,0.28954,0.61434,0.194501,0.8142,0.446665,0.648983,0.098315,0.946,0.31569,0.563513,0.330873,0.6151,0.512658,0.56953,0.35202,0.8052,0.312351,0.540692,0.359238,0.5633,0.526561,0.548232,0.381179,0.7674,0.325438,0.53963,0.35405,0.561,0.522609,0.538599,0.39115,0.7668,0.327243,0.550391,0.335688,0.5085,0.515826,0.545358,0.36462,0.7156,0.322828,0.827013,0.062262,0.9972,0.387403,0.845955,-0.062903,0.9985,0.342717,0.845327,0.322252,0.6822,0.496501,0.801493,0.115155,0.9619,0.347238,0.989637,0.452769,0.6306,0.459647,0.992258,0.260677,0.8859,0.339044,1.007129,0.469447,0.6709,0.443738,1.00393,0.281472,0.8552,0.364256,0.99692,0.506967,0.4817,0.480747,1.035698,0.338513,0.7825
squat_wikimedia_01.webm,159,squat_wikimedia,0.465811,0.519079,0.16749,0.9988,0.463918,0.499601,0.14039,0.999,0.461101,0.495137,0.140364,0.999,0.458301,0.491203,0.140333,0.9991,0.469608,0.506962,0.13261,0.9991,0.471095,0.507692,0.132612,0.9991,0.472498,0.508488,0.132495,0.9992,0.448233,0.48997,0.045392,0.9988,0.468147,0.509344,0.002386,0.9987,0.455205,0.518984,0.13898,0.9973,0.461476,0.527083,0.131917,0.9977,0.361517,0.551792,0.065095,0.9985,0.455682,0.592881,-0.047863,0.9998,0.291044,0.640274,0.202935,0.8022,0.453544,0.661827,0.067436,0.9449,0.316152,0.601501,0.333678,0.6064,0.512995,0.597281,0.315828,0.7969,0.314958,0.600907,0.361103,0.5525,0.527927,0.578888,0.342441,0.7531,0.327829,0.589809,0.355419,0.5505,0.523168,0.570372,0.352222,0.7526,0.329655,0.594859,0.337752,0.4961,0.515956,0.576065,0.328428,0.7006,0.322105,0.846134,0.064477,0.9975,0.386675,0.868451,-0.065078,0.9986,0.345579,0.849937,0.34259,0.6495,0.497772,0.804301,0.131846,0.9541,0.347301,0.989433,0.460685,0.6075,0.459296,0.989821,0.276224,0.8687,0.339098,1.009591,0.475791,0.6485,0.443828,1.00281,0.296774,0.8317,0.363619,1.005984,0.51047,0.4792,0.480691,1.028278,0.35468,0.7757
squat_wikimedia_01.webm,162,squat_wikimedia,0.466786,0.531391,0.167472,0.9989,0.465106,0.513465,0.141577,0.9991,0.462326,0.508943,0.14155,0.9991,0.459461,0.5046,0.141532,0.9992,0.470608,0.520291,0.131687,0.9992,0.471995,0.520876,0.131663,0.9992,0.473276,0.521541,0.131519,0.9993,0.449007,0.503587,0.050734,0.9989,0.468705,0.523394,0.005468,0.9989,0.456616,0.533468,0.141105,0.9975,0.463054,0.541412,0.130292,0.9979,0.361732,0.56272,0.073291,0.9986,0.457425,0.601538,-0.05407,0.9998,0.291932,0.643904,0.212222,0.8067,0.457667,0.669802,0.071081,0.9465,0.316398,0.586087,0.33333,0.6202,0.514821,0.604803,0.319586,0.7976,0.314663,0.566243,0.358555,0.5638,0.529377,0.59232,0.345872,0.7489,0.327235,0.565421,0.352211,0.5622,0.524804,0.580588,0.35366,0.7487,0.32913,0.573716,0.336539,0.5051,0.518017,0.584944,0.331564,0.6961,0.322874,0.854326,0.066672,0.9977,0.385606,0.875674,-0.067268,0.9988,0.346878,0.860451,0.320752,0.6312,0.500283,0.80222,0.096196,0.9518,0.347307,0.990914,0.452147,0.5873,0.458798,0.990169,0.236492,0.8549,0.338409,1.021083,0.468232,0.6245,0.444915,1.000592,0.256231,0.8096,0.359059,1.018432,0.504481,0.4754,0.484033,1.029428,0.313739,0.7696
squat_wikimedia_01.webm,165,squat_wikimedia,0.466857,0.527183,0.170894,0.999,0.464996,0.504205,0.1458,0.9991,0.462214,0.499764,0.14577,0.9992,0.459365,0.496263,0.145758,0.9992,0.470553,0.511807,0.134652,0.9993,0.471948,0.512532,0.134618,0.9993,0.47324,0.513635,0.13448,0.9994,0.449022,0.497636,0.055664,0.9991,0.468662,0.518311,0.00941,0.999,0.457379,0.531177,0.145877,0.9978,0.463819,0.539531,0.132305,0.9981,0.362054,0.560933,0.075455,0.9987,0.458608,0.603156,-0.055887,0.9998,0.295106,0.639858,0.218333,0.8129,0.462245,0.664493,0.068734,0.947,0.318697,0.585174,0.340864,0.6338,0.516625,0.608114,0.318836,0.7932,0.316882,0.563079,0.366717,0.575,0.530272,0.595689,0.345367,0.7389,0.327939,0.56356,0.360935,0.5736,0.526405,0.581717,0.352316,0.7389,0.32937,0.572797,0.344094,0.5146,0.519976,0.585453,0.330252,0.6866,0.323074,0.849134,0.067938,0.998,0.384359,0.871191,-0.068524,0.9989,0.349776,0.85616,0.311236,0.6237,0.501174,0.801886,0.082411,0.9522,0.347577,0.990824,0.439122,0.5821,0.458511,0.990423,0.2146,0.8518,0.338047,1.028968,0.454266,0.6149,0.44543,1.001925,0.233869,0.7997,0.358361,1.032087,0.487267,0.481,0.48507,1.031332,0.289609,0.7718
squat_wikimedia_01.webm,168,squat_wikimedia,0.469598,0.517337,0.152919,0.9991,0.467932,0.495651,0.134583,0.9992,0.465516,0.491448,0.134528,0.9992,0.462955,0.487724,0.134515,0.9993,0.472436,0.501733,0.120206,0.9994,0.473565,0.502348,0.120182,0.9993,0.474644,0.503241,0.12009,0.9994,0.451709,0.483529,0.058623,0.9991,0.469216,0.506226,0.005181,0.999,0.461443,0.522028,0.134903,0.9979,0.466381,0.531031,0.116514,0.9982,0.361928,0.540454,0.075903,0.9988,0.45818,0.583562,-0.062055,0.9998,0.295032,0.60991,0.219374,0.8153,0.472698,0.679332,0.053152,0.9464,0.322588,0.588335,0.347735,0.6189,0.516867,0.583849,0.288522,0.7762,0.32332,0.579238,0.38299,0.5583,0.530008,0.567606,0.315162,0.7166,0.335454,0.572009,0.367872,0.5569,0.527134,0.557634,0.327962,0.7162,0.335348,0.576054,0.345155,0.498,0.520854,0.562821,0.302165,0.6644,0.320774,0.826165,0.069091,0.9982,0.379958,0.849027,-0.069753,0.999,0.350797,0.852051,0.340569,0.6101,0.499403,0.800513,0.079994,0.9529,0.347847,0.987954,0.419382,0.5845,0.458472,0.990354,0.177407,0.8557,0.338088,1.026909,0.429764,0.6127,0.446223,1.001019,0.191015,0.7995,0.364989,1.026098,0.464025,0.4956,0.491756,1.031791,0.266372,0.7817
squat_wikimedia_01.webm,171,squat_wikimedia,0.471176,0.496997,0.179485,0.9991,0.469234,0.475081,0.163535,0.9993,0.466662,0.470883,0.16347,0.9993,0.463963,0.467227,0.163439,0.9993,0.474065,0.481174,0.14682,0.9994,0.475275,0.481709,0.146786,0.9994,0.47645,0.482466,0.146673,0.9994,0.452898,0.463211,0.101839,0.9992,0.471125,0.484411,0.028763,0.9991,0.462847,0.500061,0.163914,0.9979,0.468126,0.508447,0.141981,0.9982,0.362161,0.521124,0.116305,0.9989,0.457954,0.554779,-0.043761,0.9998,0.294991,0.590307,0.290616,0.8158,0.471333,0.633187,0.066723,0.9471,0.324488,0.562205,0.478205,0.5988,0.516824,0.561099,0.324479,0.7651,0.325936,0.558148,0.517329,0.5384,0.529661,0.546133,0.356183,0.7019,0.336157,0.549274,0.508455,0.5368,0.527024,0.53659,0.369515,0.7005,0.335871,0.554481,0.481865,0.4795,0.521263,0.541695,0.339142,0.6494,0.317488,0.806672,0.073278,0.9983,0.378993,0.827258,-0.074061,0.9991,0.351027,0.85323,0.358916,0.5871,0.499039,0.799996,0.090628,0.9523,0.348634,0.982032,0.409559,0.5814,0.45863,0.990409,0.13869,0.8597,0.338169,1.026309,0.417536,0.6088,0.447622,1.001891,0.148296,0.8018,0.367796,1.025051,0.451237,0.5075,0.49663,1.032827,0.217023,0.792
squat_wikimedia_01.webm,174,squat_wikimedia,0.472102,0.488491,0.178799,0.9991,0.470118,0.468373,0.16482,0.9993,0.467582,0.467633,0.164739,0.9993,0.464984,0.465653,0.164696,0.9994,0.474869,0.471195,0.144712,0.9994,0.476043,0.47185,0.144687,0.9994,0.477197,0.472963,0.144578,0.9995,0.453334,0.452572,0.11515,0.9992,0.470857,0.479442,0.023427,0.9991,0.463378,0.498024,0.166898,0.9978,0.468679,0.505204,0.1403,0.9981,0.361741,0.490337,0.128751,0.999,0.456784,0.518579,-0.049077,0.9998,0.290362,0.549776,0.311881,0.827,0.478122,0.604286,0.0629,0.949,0.317259,0.558465,0.508717,0.5823,0.519144,0.520153,0.300451,0.7555,0.320882,0.534145,0.549675,0.5199,0.531501,0.510241,0.33107,0.6881,0.32965,0.530536,0.539164,0.5179,0.528531,0.50554,0.34663,0.6854,0.328676,0.543714,0.511985,0.4633,0.522842,0.510165,0.316179,0.6344,0.316638,0.763862,0.084414,0.9985,0.375665,0.788493,-0.085155,0.9992,0.356822,0.803347,0.369527,0.5704,0.498193,0.784676,0.07269,0.9548,0.350736,0.969007,0.432714,0.58,0.459943,0.990486,0.085694,0.8676,0.342579,1.01365,0.440995,0.6028,0.449204,1.00266,0.093298,0.8091,0.371783,0.989497,0.481824,0.5164,0.51171,1.024446,0.15477,0.8042
squat_wikimedia_01.webm,177,squat_wikimedia,0.473134,0.442146,0.177816,0.9991,0.470964,0.418119,0.159588,0.9993,0.468426,0.414674,0.159536,0.9993,0.465867,0.411287,0.159506,0.9994,0.475782,0.423541,0.141265,0.9994,0.476933,0.42398,0.141238,0.9994,0.478071,0.424511,0.141113,0.9995,0.453859,0.402383,0.102253,0.9993,0.470808,0.425011,0.023414,0.9992,0.46378,0.447887,0.161679,0.998,0.469278,0.457142,0.137485,0.9983,0.361048,0.451813,0.117874,0.9991,0.452912,0.478455,-0.045233,0.9998,0.287747,0.510916,0.284407,0.842,0.47305,0.566213,0.055079,0.9508,0.317162,0.47828,0.470695,0.5984,0.518875,0.479966,0.289387,0.7485,0.320245,0.462783,0.509854,0.5321,0.53125,0.467957,0.318927,0.6785,0.329615,0.463414,0.500826,0.5299,0.528145,0.459951,0.334244,0.6745,0.328671,0.471258,0.474739,0.4764,0.522579,0.466021,0.304675,0.6246,0.314527,0.722773,0.083301,0.9986,0.369143,0.744488,-0.083954,0.9993,0.361328,0.775418,0.347374,0.5481,0.492794,0.784135,0.037127,0.9581,0.352238,0.969347,0.39204,0.5826,0.459809,0.991035,-0.008079,0.8778,0.344525,1.00394,0.395202,0.6025,0.448196,1.002829,-0.007158,0.822,0.374511,0.990639,0.430174,0.5303,0.505274,1.035216,0.031042,0.8192
squat_wikimedia_01.webm,180,squat_wikimedia,0.47279,0.392835,0.180616,0.9992,0.470719,0.369172,0.168211,0.9994,0.468158,0.364699,0.168149,0.9994,0.465581,0.360525,0.168115,0.9995,0.475571,0.37563,0.148833,0.9995,0.476701,0.376093,0.148824,0.9995,0.477827,0.376563,0.148767,0.9995,0.453632,0.349933,0.128931,0.9994,0.470667,0.371839,0.042085,0.9992,0.463624,0.393176,0.171949,0.9981,0.469092,0.402705,0.146226,0.9984,0.361056,0.407724,0.125566,0.9992,0.450402,0.437449,-0.022426,0.9999,0.287002,0.469313,0.28549,0.8558,0.470583,0.525018,0.057781,0.9518,0.318979,0.44293,0.487946,0.5936,0.514714,0.439465,0.291331,0.7318,0.320431,0.428683,0.530834,0.5212,0.528492,0.423273,0.323355,0.6569,0.330272,0.423584,0.523309,0.5186,0.522226,0.416118,0.345652,0.6507,0.32881,0.429277,0.492744,0.4684,0.515721,0.422729,0.309252,0.6016,0.315758,0.685864,0.081333,0.9988,0.370772,0.70442,-0.08193,0.9993,0.366015,0.756183,0.305082,0.5359,0.492645,0.779352,0.033423,0.9597,0.352111,0.969909,0.279412,0.5869,0.460067,0.988582,-0.02254,0.8869,0.344404,0.994831,0.278849,0.6075,0.44786,0.999679,-0.02296,0.8343,0.37429,0.989564,0.308323,0.5417,0.496641,1.035953,0.018485,0.8325
squat_wikimedia_01.webm,183,squat_wikimedia,0.472557,0.333597,0.268497,0.9993,0.470628,0.306048,0.255464,0.9994,0.468159,0.300946,0.255368,0.9994,0.465663,0.295893,0.255321,0.9995,0.475393,0.312113,0.235733,0.9995,0.476522,0.311562,0.235745,0.9995,0.477651,0.310993,0.235713,0.9996,0.453461,0.288581,0.203864,0.9994,0.470546,0.307026,0.116914,0.9993,0.463368,0.334312,0.25629,0.9983,0.468929,0.346006,0.230251,0.9985,0.361684,0.350406,0.185762,0.9992,0.450283,0.369048,0.031985,0.9999,0.285863,0.415319,0.298643,0.8691,0.461633,0.461691,0.086225,0.9546,0.318601,0.369569,0.461495,0.6192,0.511453,0.373143,0.285386,0.7408,0.320333,0.348109,0.498323,0.5433,0.526625,0.354182,0.317531,0.6626,0.329725,0.349129,0.490394,0.5403,0.52234,0.342613,0.333542,0.6543,0.32843,0.356394,0.465429,0.4909,0.515644,0.350268,0.302147,0.6057,0.316344,0.629546,0.080958,0.9989,0.372492,0.639992,-0.081589,0.9994,0.365772,0.759841,0.195685,0.5541,0.486749,0.770662,-0.055038,0.9633,0.350161,0.968774,0.130227,0.611,0.460006,0.990696,-0.187126,0.8976,0.344124,0.991946,0.122981,0.6331,0.447443,1.021825,-0.196861,0.8496,0.376529,0.99159,0.120202,0.5702,0.4961,1.048675,-0.193675,0.8481
squat_wikimedia_01.webm,186,squat_wikimedia,0.472648,0.285794,0.246988,0.9993,0.470525,0.262398,0.233196,0.9994,0.468017,0.257736,0.23312,0.9994,0.465482,0.253011,0.233055,0.9995,0.475341,0.268474,0.211047,0.9995,0.47645,0.268554,0.211044,0.9995,0.477561,0.26847,0.210991,0.9996,0.453215,0.241909,0.182289,0.9994,0.469515,0.261569,0.084117,0.9993,0.463278,0.287581,0.235784,0.9982,0.468848,0.296865,0.206416,0.9985,0.361092,0.301785,0.173792,0.9992,0.449857,0.323542,-0.00171,0.9999,0.285703,0.374246,0.293978,0.8793,0.459092,0.409237,0.016051,0.9569,0.318757,0.329065,0.459056,0.6174,0.510586,0.315265,0.144896,0.7534,0.319877,0.313888,0.483642,0.5359,0.526077,0.299331,0.159399,0.6762,0.329574,0.317819,0.478438,0.5323,0.521473,0.292744,0.182071,0.6666,0.328564,0.323047,0.459811,0.4861,0.513942,0.29909,0.161064,0.617,0.32049,0.591127,0.083512,0.9989,0.377651,0.602937,-0.083807,0.9994,0.36171,0.773255,0.15843,0.5723,0.481338,0.76975,-0.06384,0.9661,0.348504,0.969097,0.139026,0.625,0.459435,0.995412,-0.135599,0.9057,0.345119,1.005579,0.138238,0.6492,0.447431,1.037526,-0.138373,0.861,0.378528,1.027494,0.131173,0.5728,0.496016,1.058913,-0.144293,0.8573
squat_wikimedia_01.webm,189,squat_wikimedia,0.468351,0.210916,0.273026,0.9993,0.466411,0.186482,0.256989,0.9995,0.463724,0.182295,0.256943,0.9995,0.460936,0.178267,0.256888,0.9995,0.471821,0.19296,0.235857,0.9995,0.473156,0.193665,0.235847,0.9995,0.474521,0.194294,0.235788,0.9996,0.448817,0.168309,0.198743,0.9994,0.467255,0.189242,0.103816,0.9993,0.458906,0.210882,0.258865,0.9983,0.465211,0.221708,0.230412,0.9986,0.361146,0.239319,0.189314,0.9993,0.449582,0.26334,0.005957,0.9999,0.287503,0.319811,0.321354,0.8852,0.448164,0.320569,0.014094,0.959,0.318709,0.263794,0.481135,0.6074,0.507487,0.249349,0.137418,0.7668,0.318014,0.247281,0.510824,0.5231,0.523051,0.231075,0.150437,0.6919,0.3274,0.244246,0.506019,0.5188,0.519159,0.219182,0.170976,0.6815,0.327126,0.249684,0.48431,0.4754,0.511784,0.227533,0.152302,0.6313,0.328792,0.539295,0.084815,0.9989,0.383903,0.550355,-0.084995,0.9995,0.357798,0.770944,0.087908,0.5999,0.468438,0.764106,-0.097631,0.9689,0.346811,0.977292,0.056689,0.6409,0.455205,0.995413,-0.158776,0.9134,0.341719,1.015669,0.054106,0.6689,0.439702,1.036707,-0.1607,0.872,0.377875,1.022875,0.031338,0.5675,0.489367,1.068665,-0.175046,0.8636
squat_wikimedia_01.webm,192,squat_wikimedia,0.467658,0.165592,0.239593,0.9991,0.464983,0.142159,0.223633,0.9993,0.462215,0.138125,0.22358,0.9993,0.45936,0.134352,0.223541,0.9994,0.470637,0.147274,0.203845,0.9994,0.472053,0.147081,0.203835,0.9994,0.473516,0.146893,0.203771,0.9995,0.446764,0.125793,0.171447,0.9993,0.465374,0.142522,0.101136,0.9991,0.458745,0.170028,0.22719,0.998,0.464769,0.176486,0.199393,0.9982,0.361185,0.205058,0.172761,0.9992,0.449634,0.214037,-0.032226,0.9999,0.28903,0.288788,0.29533,0.8863,0.45051,0.304021,-0.051681,0.9604,0.30877,0.228465,0.385108,0.5956,0.506417,0.197805,0.056681,0.7803,0.303895,0.212798,0.405787,0.5109,0.521627,0.178582,0.065514,0.7089,0.31709,0.209127,0.402873,0.5064,0.518189,0.169545,0.084505,0.6981,0.316755,0.221075,0.387231,0.4635,0.510915,0.176904,0.071026,0.6473,0.33608,0.505458,0.090844,0.9987,0.389155,0.516584,-0.090911,0.9994,0.357098,0.759098,0.074216,0.6202,0.449428,0.74664,-0.100958,0.9713,0.345729,0.980574,0.055902,0.6417,0.451302,0.998565,-0.145009,0.9193,0.340822,1.012,0.053606,0.6765,0.429279,1.044334,-0.146842,0.8811,0.378532,1.021011,0.02342,0.5449,0.487691,1.065629,-0.176302,0.8623
squat_wikimedia_01.webm,195,squat_wikimedia,0.466939,0.148076,0.190617,0.9987,0.463983,0.124932,0.178819,0.999,0.461342,0.121117,0.178765,0.999,0.458521,0.116981,0.178733,0.9991,0.468897,0.127744,0.148416,0.9991,0.469948,0.126548,0.148385,0.9991,0.471081,0.125325,0.148258,0.9992,0.444508,0.105388,0.161122,0.9989,0.461809,0.119111,0.016214,0.9989,0.458435,0.153384,0.189844,0.9974,0.463765,0.156965,0.148416,0.9977,0.359575,0.18486,0.160895,0.9991,0.449244,0.187946,-0.064963,0.9999,0.289331,0.269076,0.252267,0.8874,0.445502,0.259228,-0.04804,0.9606,0.305341,0.191336,0.302501,0.6179,0.504484,0.170352,0.102589,0.7961,0.298244,0.169865,0.319232,0.5354,0.519936,0.15057,0.116545,0.7287,0.30782,0.165966,0.319389,0.5307,0.515069,0.142375,0.13636,0.718,0.312143,0.175885,0.305457,0.485,0.507821,0.148428,0.118814,0.6675,0.344792,0.498688,0.089495,0.9983,0.399055,0.507558,-0.089672,0.9992,0.357092,0.754306,0.071905,0.6463,0.434521,0.751008,-0.070598,0.9718,0.344711,0.980654,0.062559,0.6463,0.448607,0.998738,-0.083842,0.9173,0.339521,1.007766,0.06101,0.6832,0.42455,1.044854,-0.082635,0.8807,0.378122,1.026595,0.024303,0.5254,0.47971,1.066027,-0.114928,0.8409
squat_wikimedia_01.webm,198,squat_wikimedia,0.466669,0.129251,0.182776,0.9985,0.463477,0.110348,0.166588,0.9988,0.460943,0.107145,0.166569,0.9989,0.458228,0.103344,0.166567,0.999,0.468263,0.113088,0.139075,0.999,0.469222,0.112336,0.139039,0.999,0.470238,0.111329,0.138905,0.9991,0.444314,0.090992,0.128181,0.9986,0.460648,0.10259,0.001298,0.9988,0.458198,0.134849,0.177488,0.9971,0.463472,0.139705,0.140266,0.9975,0.359957,0.16765,0.139958,0.9988,0.449019,0.170671,-0.072575,0.9998,0.291155,0.26179,0.222817,0.8844,0.443307,0.242959,-0.054508,0.9616,0.303565,0.186966,0.28508,0.6217,0.503746,0.155281,0.069527,0.8103,0.295615,0.160477,0.30315,0.539,0.517281,0.133728,0.080754,0.7464,0.306182,0.157265,0.299806,0.5345,0.512102,0.123328,0.099721,0.7361,0.309482,0.166703,0.286811,0.4874,0.50637,0.131676,0.08465,0.6859,0.359133,0.497719,0.084877,0.9977,0.412199,0.507542,-0.085127,0.9989,0.358197,0.751756,0.059407,0.67,0.426072,0.753244,-0.062029,0.9715,0.344725,0.982688,0.049387,0.6563,0.444148,0.997545,-0.080419,0.9161,0.339954,1.007321,0.046955,0.6936,0.417518,1.049759,-0.080945,0.8806,0.377428,1.017462,0.004789,0.5183,0.470709,1.068326,-0.127224,0.8272
squat_wikimedia_01.webm,201,squat_wikimedia,0.466758,0.123714,0.176721,0.9984,0.463626,0.104536,0.159376,0.9987,0.46108,0.100402,0.159391,0.9987,0.458365,0.095661,0.159401,0.9988,0.468468,0.108942,0.133333,0.9989,0.469444,0.108429,0.133324,0.9989,0.470468,0.107498,0.133205,0.999,0.444049,0.08567,0.113974,0.9984,0.460718,0.099872,-0.004213,0.9986,0.458239,0.127291,0.169352,0.9969,0.463532,0.133853,0.13433,0.9974,0.357798,0.171313,0.127523,0.9985,0.44842,0.172611,-0.078455,0.9998,0.291417,0.26496,0.227322,0.8839,0.444154,0.249245,-0.075096,0.9631,0.303003,0.18714,0.315807,0.627,0.502693,0.159551,0.014988,0.8244,0.29449,0.15976,0.337699,0.544,0.515394,0.134823,0.022481,0.7644,0.305909,0.155474,0.332237,0.5392,0.50888,0.126407,0.041586,0.7547,0.308729,0.166976,0.317864,0.4924,0.503366,0.133391,0.029562,0.7058,0.364696,0.500067,0.083954,0.9971,0.417311,0.508457,-0.084169,0.9986,0.361269,0.752422,0.079378,0.6912,0.430291,0.754897,-0.062409,0.9716,0.344845,0.98274,0.084519,0.6681,0.439283,0.998257,-0.071731,0.9163,0.339996,1.00685,0.0833,0.7058,0.410839,1.047056,-0.070722,0.882,0.378838,1.007803,0.046988,0.5187,0.460899,1.073287,-0.112389,0.8192
squat_wikimedia_01.webm,204,squat_wikimedia,0.465543,0.126227,0.176285,0.9983,0.462697,0.105637,0.157102,0.9986,0.460261,0.102018,0.157127,0.9986,0.457665,0.097961,0.157139,0.9987,0.467317,0.109197,0.132962,0.9988,0.468232,0.108408,0.132959,0.9988,0.46924,0.107297,0.132843,0.9989,0.442629,0.088758,0.10393,0.9982,0.459843,0.100761,-0.005089,0.9985,0.457272,0.131361,0.166473,0.9968,0.461899,0.136256,0.133909,0.9973,0.354197,0.172141,0.111461,0.9983,0.447642,0.173356,-0.075106,0.9998,0.291393,0.269087,0.211802,0.8847,0.442562,0.260003,-0.07927,0.9644,0.30259,0.187984,0.30266,0.6349,0.502549,0.162591,-0.005932,0.8363,0.295857,0.163524,0.322621,0.5515,0.515843,0.138745,0.001353,0.7793,0.307444,0.160136,0.318174,0.5464,0.509087,0.131526,0.021407,0.77,0.310001,0.169252,0.305479,0.4993,0.50348,0.138971,0.008776,0.7217,0.366185,0.496454,0.079438,0.9966,0.420834,0.502861,-0.079658,0.9983,0.361053,0.752475,0.09098,0.7121,0.429873,0.756607,-0.052973,0.9713,0.344923,0.983168,0.10329,0.6801,0.439372,0.998814,-0.063392,0.9146,0.341793,1.00633,0.103376,0.718,0.40648,1.046312,-0.059289,0.8814,0.379782,1.006497,0.073339,0.5181,0.46184,1.076823,-0.083139,0.8068
squat_wikimedia_01.webm,207,squat_wikimedia,0.465666,0.133483,0.180647,0.9981,0.462838,0.114394,0.161503,0.9983,0.4604,0.111181,0.161524,0.9983,0.457761,0.10738,0.161529,0.9985,0.46729,0.116295,0.137871,0.9986,0.468054,0.11492,0.137865,0.9986,0.468906,0.113254,0.137743,0.9987,0.44294,0.094727,0.103431,0.9979,0.45852,0.104131,-0.004287,0.9982,0.457334,0.136024,0.169042,0.9965,0.461886,0.13851,0.13702,0.9971,0.351442,0.17571,0.105099,0.998,0.446131,0.165189,-0.069882,0.9998,0.291392,0.267962,0.227805,0.8736,0.442962,0.255319,-0.071142,0.9653,0.303639,0.194031,0.362308,0.6265,0.50119,0.162593,-0.003445,0.8473,0.297254,0.169412,0.38729,0.5458,0.515642,0.139528,0.005409,0.7938,0.308396,0.164149,0.381866,0.5406,0.508267,0.131603,0.022083,0.7851,0.31072,0.17344,0.36695,0.4945,0.502063,0.139451,0.010231,0.7377,0.367336,0.491489,0.070796,0.9964,0.422769,0.496825,-0.071021,0.9982,0.361993,0.752819,0.07911,0.7302,0.429852,0.757568,-0.041824,0.9698,0.344968,0.981792,0.09298,0.6925,0.44025,0.99823,-0.040803,0.9122,0.341729,1.004753,0.093266,0.7299,0.409082,1.044886,-0.037182,0.8805,0.379793,0.993846,0.062361,0.5218,0.46364,1.075566,-0.072053,0.795
squat_wikimedia_01.webm,210,squat_wikimedia,0.46514,0.124336,0.182576,0.9977,0.462385,0.105886,0.164559,0.9979,0.46012,0.102832,0.16455,0.9979,0.457676,0.099379,0.164542,0.9981,0.466627,0.108675,0.140818,0.9983,0.467426,0.108116,0.140805,0.9982,0.468308,0.10732,0.140709,0.9984,0.443134,0.090686,0.102321,0.9975,0.458142,0.102071,0.000803,0.9977,0.456749,0.125554,0.171872,0.9959,0.461203,0.129354,0.140299,0.9966,0.350482,0.173301,0.106092,0.9977,0.445598,0.166179,-0.069088,0.9998,0.291468,0.273496,0.241282,0.8627,0.443067,0.259656,-0.058053,0.9661,0.304309,0.194881,0.407245,0.6144,0.500779,0.163585,0.027227,0.856,0.297533,0.168822,0.434963,0.5366,0.513902,0.142134,0.038018,0.8054,0.308335,0.162465,0.429842,0.5312,0.505783,0.132965,0.050241,0.7971,0.31147,0.172358,0.411691,0.4864,0.500122,0.141033,0.03943,0.7499,0.366777,0.492081,0.071964,0.996,0.422886,0.495957,-0.072211,0.998,0.363441,0.748547,0.080129,0.7319,0.429372,0.758114,-0.042484,0.9659,0.344991,0.980688,0.090804,0.6874,0.436465,0.997974,-0.051947,0.903,0.341553,1.004081,0.090573,0.7272,0.404258,1.049436,-0.0503,0.8743,0.381764,0.993134,0.061689,0.5143,0.466303,1.073867,-0.089239,0.7761
