source,frame,label,knee_angle,hip_angle,back_angle,torso_length_ratio,heel_angle,heel_angle_delta,valgus_ratio,left_fppa,right_fppa,max_fppa,knee_over_toes,knee_velocity_dps,hip_velocity_dps,back_velocity_dps,max_angular_velocity_dps,rapid_movement,squat_phase,back_slack,heels_off,knee_valgus_ratio,knee_valgus_fppa,knee_valgus
test/Bad Back/Bad Back (1).jpg,0,bad_back,93.827,77.225,121.727,1.0,0.287,0.0,0.9961,86.173,81.322,86.173,1,0.0,0.0,0.0,0.0,0,bottom,0,0,0,1,1
test/Bad Back/Bad Back (10).jpg,0,bad_back,170.984,57.395,62.1,1.0,138.639,0.0,2.1835,9.016,11.076,11.076,0,0.0,0.0,0.0,0.0,0,top,0,0,0,1,1
test/Bad Back/Bad Back (100).jpg,0,bad_back,78.696,65.103,115.994,1.0557,8.77,-129.869,3.7665,101.304,85.205,101.304,0,0.0,0.0,0.0,0.0,0,bottom,0,0,0,1,1
test/Bad Back/Bad Back (101).jpg,0,bad_back,76.448,63.652,115.865,1.0405,4.915,-133.724,1.1004,103.552,94.257,103.552,0,0.0,0.0,0.0,0.0,0,bottom,0,0,0,1,1
test/Bad Back/Bad Back (102).jpg,0,bad_back,70.736,58.572,113.451,1.0572,5.815,-132.824,1.1476,109.264,103.734,109.264,0,0.0,0.0,0.0,0.0,0,bottom,0,0,0,1,1
test/Bad Back/Bad Back (103).jpg,0,bad_back,68.214,56.265,112.054,1.0403,5.98,-132.659,1.2498,111.786,103.378,111.786,0,0.0,0.0,0.0,0.0,0,bottom,0,0,0,1,1
test/Bad Back/Bad Back (104).jpg,0,bad_back,65.08,52.532,109.102,1.0532,8.357,-130.282,1.3641,114.92,104.811,114.92,0,0.0,0.0,0.0,0.0,0,bottom,0,0,0,1,1
test/Bad Back/Bad Back (105).jpg,0,bad_back,63.705,51.563,108.33,1.0434,9.458,-129.181,0.9526,116.295,109.523,116.295,0,0.0,0.0,0.0,0.0,0,bottom,0,0,0,1,1
test/Bad Back/Bad Back (106).jpg,0,bad_back,63.815,49.68,107.186,1.0245,7.589,-131.049,1.1507,116.185,106.75,116.185,0,0.0,0.0,0.0,0.0,0,bottom,0,0,0,1,1
test/Bad Back/Bad Back (107).jpg,0,bad_back,65.64,51.476,108.888,1.0032,4.241,-134.398,1.1332,114.36,106.318,114.36,0,0.0,0.0,0.0,0.0,0,bottom,0,0,0,1,1
test/Bad Back/Bad Back (108).jpg,0,bad_back,65.588,50.303,107.142,1.0053,5.075,-133.564,1.0217,114.412,108.683,114.412,0,0.0,0.0,0.0,0.0,0,bottom,0,0,0,1,1
test/Bad Back/Bad Back (109).jpg,0,bad_back,64.584,50.4,107.806,0.9948,1.878,-136.761,0.9847,115.416,108.196,115.416,0,0.0,0.0,0.0,0.0,0,bottom,0,0,0,1,1
test/Bad Back/Bad Back (11).jpg,0,bad_back,176.686,65.812,67.65,1.0,142.981,0.0,1.675,3.314,18.302,18.302,0,0.0,0.0,0.0,0.0,0,top,0,0,0,1,1
test/Bad Back/Bad Back (110).jpg,0,bad_back,65.744,51.759,110.95,0.978,2.671,-140.31,1.0493,114.256,107.387,114.256,0,0.0,0.0,0.0,0.0,0,bottom,0,0,0,1,1
test/Bad Back/Bad Back (111).jpg,0,bad_back,65.185,51.728,107.705,1.002,4.089,-138.892,1.1249,114.815,109.107,114.815,0,0.0,0.0,0.0,0.0,0,bottom,0,0,0,1,1
test/Bad Back/Bad Back (112).jpg,0,bad_back,67.285,55.05,110.712,0.9981,5.197,-137.784,1.0667,112.715,105.361,112.715,0,0.0,0.0,0.0,0.0,0,bottom,0,0,0,1,1
test/Bad Back/Bad Back (113).jpg,0,bad_back,70.036,58.337,112.916,0.9766,8.273,-134.708,1.4556,109.964,101.187,109.964,0,0.0,0.0,0.0,0.0,0,bottom,0,0,0,1,1
test/Bad Back/Bad Back (114).jpg,0,bad_back,74.036,62.387,115.81,0.9769,4.736,-138.246,1.2187,105.964,97.782,105.964,0,0.0,0.0,0.0,0.0,0,bottom,0,0,0,1,1
test/Bad Back/Bad Back (115).jpg,0,bad_back,75.989,66.708,119.071,0.9821,9.313,-133.668,1.184,104.011,96.017,104.011,0,0.0,0.0,0.0,0.0,0,bottom,0,0,0,1,1
test/Bad Back/Bad Back (116).jpg,0,bad_back,77.89,71.075,123.154,0.9845,4.014,-138.967,1.346,102.11,93.475,102.11,0,0.0,0.0,0.0,0.0,0,bottom,0,0,0,1,1
test/Bad Back/Bad Back (117).jpg,0,bad_back,81.535,75.347,127.808,0.9835,1.914,-141.067,0.8107,98.465,93.764,98.465,0,0.0,0.0,0.0,0.0,0,bottom,0,0,0,1,1
test/Bad Back/Bad Back (118).jpg,0,bad_back,88.384,83.657,128.836,0.9933,4.412,-138.569,0.5541,91.616,90.913,91.616,0,0.0,0.0,0.0,0.0,0,bottom,0,0,1,1,1
test/Bad Back/Bad Back (119).jpg,0,bad_back,83.508,65.395,115.017,0.9064,2.0,-140.982,0.5932,96.492,91.635,96.492,0,0.0,0.0,0.0,0.0,0,bottom,1,0,1,1,1
test/Bad Back/Bad Back (12).jpg,0,bad_back,119.325,173.273,134.72,0.7931,177.004,34.023,0.6609,60.675,28.619,60.675,1,0.0,0.0,0.0,0.0,0,descending,1,1,1,1,1
test/Bad Back/Bad Back (120).jpg,0,bad_back,80.741,63.296,113.388,0.9019,2.577,-140.404,0.7371,99.259,91.502,99.259,0,0.0,0.0,0.0,0.0,0,bottom,1,0,1,1,1
test/Bad Back/Bad Back (121).jpg,0,bad_back,77.056,59.564,111.567,0.9171,0.085,-142.896,0.8631,102.944,94.44,102.944,0,0.0,0.0,0.0,0.0,0,bottom,1,0,0,1,1
test/Bad Back/Bad Back (122).jpg,0,bad_back,74.973,55.95,109.261,0.9103,2.862,-140.119,0.8596,105.027,100.9,105.027,0,0.0,0.0,0.0,0.0,0,bottom,1,0,0,1,1
test/Bad Back/Bad Back (123).jpg,0,bad_back,72.405,51.54,105.778,0.9108,1.73,-141.251,1.0814,107.595,107.128,107.595,0,0.0,0.0,0.0,0.0,0,bottom,1,0,0,1,1
test/Bad Back/Bad Back (124).jpg,0,bad_back,70.363,49.656,104.362,0.9261,1.829,-141.152,0.9339,109.637,106.819,109.637,0,0.0,0.0,0.0,0.0,0,bottom,1,0,0,1,1
test/Bad Back/Bad Back (125).jpg,0,bad_back,70.394,47.93,102.816,0.9158,2.263,-140.718,1.1008,109.606,107.441,109.606,0,0.0,0.0,0.0,0.0,0,bottom,1,0,0,1,1
test/Bad Back/Bad Back (126).jpg,0,bad_back,68.834,46.095,101.344,0.9243,0.255,-142.726,1.0966,111.166,108.552,111.166,0,0.0,0.0,0.0,0.0,0,bottom,1,0,0,1,1
test/Bad Back/Bad Back (127).jpg,0,bad_back,68.553,45.446,101.944,0.8981,1.677,-141.304,1.003,111.447,106.837,111.447,0,0.0,0.0,0.0,0.0,0,bottom,1,0,0,1,1
test/Bad Back/Bad Back (128).jpg,0,bad_back,67.105,45.099,100.529,0.9291,0.673,-142.308,1.1874,112.895,112.67,112.895,0,0.0,0.0,0.0,0.0,0,bottom,1,0,0,1,1
test/Bad Back/Bad Back (129).jpg,0,bad_back,67.775,45.028,99.972,0.9291,1.705,-141.277,1.1116,112.225,114.994,114.994,0,0.0,0.0,0.0,0.0,0,bottom,1,0,0,1,1
test/Bad Back/Bad Back (13).jpg,0,bad_back,175.126,79.282,76.266,1.0,133.587,0.0,2.8029,4.874,23.007,23.007,0,0.0,0.0,0.0,0.0,0,top,0,0,0,1,1
test/Bad Back/Bad Back (130).jpg,0,bad_back,68.94,45.007,100.37,0.9513,1.453,-132.134,1.0917,111.06,111.974,111.974,0,0.0,0.0,0.0,0.0,0,bottom,0,0,0,1,1
test/Bad Back/Bad Back (131).jpg,0,bad_back,69.841,47.084,101.041,0.941,0.303,-133.284,0.8259,110.159,111.301,111.301,0,0.0,0.0,0.0,0.0,0,bottom,0,0,0,1,1
test/Bad Back/Bad Back (132).jpg,0,bad_back,67.806,48.09,102.219,0.9477,1.195,-132.392,1.0389,112.194,109.773,112.194,0,0.0,0.0,0.0,0.0,0,bottom,0,0,0,1,1
test/Bad Back/Bad Back (133).jpg,0,bad_back,69.936,50.151,106.483,0.9449,4.973,-128.614,0.76,110.064,106.405,110.064,0,0.0,0.0,0.0,0.0,0,bottom,0,0,0,1,1
test/Bad Back/Bad Back (134).jpg,0,bad_back,73.099,54.099,109.18,0.9424,4.93,-128.657,0.7373,106.901,100.973,106.901,0,0.0,0.0,0.0,0.0,0,bottom,0,0,1,1,1
test/Bad Back/Bad Back (135).jpg,0,bad_back,77.822,60.613,111.926,0.9624,5.453,-128.135,0.743,102.178,95.724,102.178,0,0.0,0.0,0.0,0.0,0,bottom,0,0,1,1,1
test/Bad Back/Bad Back (136).jpg,0,bad_back,78.454,62.188,115.203,0.9656,2.745,-130.842,0.6647,101.546,93.743,101.546,0,0.0,0.0,0.0,0.0,0,bottom,0,0,1,1,1
test/Bad Back/Bad Back (137).jpg,0,bad_back,83.906,68.865,118.016,0.9748,0.49,-133.097,0.6755,96.094,92.561,96.094,0,0.0,0.0,0.0,0.0,0,bottom,0,0,1,1,1
test/Bad Back/Bad Back (138).jpg,0,bad_back,88.998,75.503,123.273,0.9742,4.876,-128.712,0.7686,91.002,87.244,91.002,1,0.0,0.0,0.0,0.0,0,bottom,0,0,0,1,1
test/Bad Back/Bad Back (139).jpg,0,bad_back,91.115,74.503,121.389,0.9338,1.593,-131.994,0.9156,88.885,85.17,88.885,1,0.0,0.0,0.0,0.0,0,bottom,0,0,0,1,1
test/Bad Back/Bad Back (14).jpg,0,bad_back,178.176,68.044,69.163,1.0,145.084,0.0,1.7928,1.824,4.785,4.785,0,0.0,0.0,0.0,0.0,0,top,0,0,0,0,0
test/Bad Back/Bad Back (140).jpg,0,bad_back,86.82,69.334,119.748,0.8794,1.493,-143.592,1.0521,93.18,85.18,93.18,1,0.0,0.0,0.0,0.0,0,bottom,1,0,0,1,1
test/Bad Back/Bad Back (141).jpg,0,bad_back,83.246,64.85,115.316,0.8971,2.162,-142.922,1.205,96.754,89.583,96.754,0,0.0,0.0,0.0,0.0,0,bottom,1,0,0,1,1
test/Bad Back/Bad Back (142).jpg,0,bad_back,81.79,62.621,113.477,0.8777,1.357,-143.727,0.9678,98.21,92.584,98.21,0,0.0,0.0,0.0,0.0,0,bottom,1,0,0,1,1
test/Bad Back/Bad Back (143).jpg,0,bad_back,78.269,59.734,113.179,0.8729,3.32,-141.764,1.0493,101.731,97.3,101.731,0,0.0,0.0,0.0,0.0,0,bottom,1,0,0,1,1
test/Bad Back/Bad Back (144).jpg,0,bad_back,76.748,56.039,109.745,0.8743,0.588,-144.496,0.869,103.252,99.693,103.252,0,0.0,0.0,0.0,0.0,0,bottom,1,0,0,1,1
test/Bad Back/Bad Back (145).jpg,0,bad_back,74.328,55.393,112.099,0.8547,2.114,-142.97,1.389,105.672,98.731,105.672,0,0.0,0.0,0.0,0.0,0,bottom,1,0,0,1,1
test/Bad Back/Bad Back (146).jpg,0,bad_back,71.027,50.608,109.277,0.8716,0.545,-144.54,0.8672,108.973,101.355,108.973,0,0.0,0.0,0.0,0.0,0,bottom,1,0,0,1,1
test/Bad Back/Bad Back (147).jpg,0,bad_back,72.052,49.204,106.814,0.8758,2.904,-142.181,0.9697,107.948,101.424,107.948,0,0.0,0.0,0.0,0.0,0,bottom,1,0,0,1,1
test/Bad Back/Bad Back (148).jpg,0,bad_back,71.161,47.119,103.417,0.8872,5.167,-139.917,1.1784,108.839,102.137,108.839,0,0.0,0.0,0.0,0.0,0,bottom,1,0,0,1,1
test/Bad Back/Bad Back (149).jpg,0,bad_back,69.632,44.134,100.584,0.9103,0.08,-145.005,1.2483,110.368,103.326,110.368,0,0.0,0.0,0.0,0.0,0,bottom,1,0,0,1,1
test/Bad Back/Bad Back (15).jpg,0,bad_back,176.105,156.569,154.602,1.0,160.725,0.0,0.5673,3.895,0.753,3.895,1,0.0,0.0,0.0,0.0,0,top,0,0,1,0,1
test/Bad Back/Bad Back (150).jpg,0,bad_back,69.917,44.055,100.686,0.8546,3.615,-157.11,1.1017,110.083,103.899,110.083,0,0.0,0.0,0.0,0.0,0,bottom,1,0,0,1,1
test/Bad Back/Bad Back (151).jpg,0,bad_back,70.602,45.84,101.854,0.8537,2.063,-158.662,0.8928,109.398,104.969,109.398,0,0.0,0.0,0.0,0.0,0,bottom,1,0,0,1,1
test/Bad Back/Bad Back (152).jpg,0,bad_back,72.546,50.799,106.531,0.842,0.954,-159.772,0.6745,107.454,103.166,107.454,0,0.0,0.0,0.0,0.0,0,bottom,1,0,1,1,1
test/Bad Heel/Bad Heel (1).jpg,0,bad_heel,78.103,87.813,145.526,1.1871,18.093,-142.632,1.3186,101.897,92.292,101.897,0,0.0,0.0,0.0,0.0,0,bottom,0,0,0,1,1
test/Bad Heel/Bad Heel (10).jpg,0,bad_heel,58.664,73.826,146.897,1.1316,23.038,-137.687,0.7627,121.336,122.029,122.029,0,0.0,0.0,0.0,0.0,0,bottom,0,0,0,1,1
test/Bad Heel/Bad Heel (100).jpg,0,bad_heel,64.307,82.167,143.404,0.9402,8.782,-151.943,0.9934,115.693,113.361,115.693,0,0.0,0.0,0.0,0.0,0,bottom,0,0,0,1,1
test/Bad Heel/Bad Heel (101).jpg,0,bad_heel,72.72,93.254,149.855,0.8836,9.265,-151.46,1.1734,107.28,103.115,107.28,0,0.0,0.0,0.0,0.0,0,bottom,1,0,0,1,1
test/Bad Heel/Bad Heel (102).jpg,0,bad_heel,69.218,89.545,146.183,0.9572,7.77,-152.956,0.7427,110.782,109.497,110.782,0,0.0,0.0,0.0,0.0,0,bottom,0,0,1,1,1
test/Bad Heel/Bad Heel (103).jpg,0,bad_heel,74.256,95.577,148.317,0.9516,8.07,-152.655,1.1408,105.744,99.669,105.744,0,0.0,0.0,0.0,0.0,0,bottom,0,0,0,1,1
test/Bad Heel/Bad Heel (104).jpg,0,bad_heel,86.076,106.389,154.777,0.9112,10.723,-150.002,0.9338,93.924,88.865,93.924,0,0.0,0.0,0.0,0.0,0,bottom,1,0,0,1,1
test/Bad Heel/Bad Heel (105).jpg,0,bad_heel,91.114,91.158,137.775,0.9113,17.719,-143.007,1.0055,88.886,86.81,88.886,0,0.0,0.0,0.0,0.0,0,bottom,1,0,0,1,1
test/Bad Heel/Bad Heel (106).jpg,0,bad_heel,85.897,85.415,134.63,0.8993,19.826,-140.9,0.8777,94.103,92.56,94.103,0,0.0,0.0,0.0,0.0,0,bottom,1,0,0,1,1
test/Bad Heel/Bad Heel (107).jpg,0,bad_heel,80.605,84.168,136.214,0.9039,18.624,-142.101,1.0803,99.395,93.802,99.395,0,0.0,0.0,0.0,0.0,0,bottom,1,0,0,1,1
test/Bad Heel/Bad Heel (108).jpg,0,bad_heel,78.484,85.373,140.024,0.8709,19.517,-141.209,0.8774,101.516,100.044,101.516,0,0.0,0.0,0.0,0.0,0,bottom,1,0,0,1,1
test/Bad Heel/Bad Heel (109).jpg,0,bad_heel,72.665,81.839,140.62,0.8666,21.068,-139.657,1.0188,107.335,104.155,107.335,0,0.0,0.0,0.0,0.0,0,bottom,1,0,0,1,1
test/Bad Heel/Bad Heel (11).jpg,0,bad_heel,55.69,71.829,145.88,1.1476,23.444,-137.281,0.6394,124.31,125.742,125.742,0,0.0,0.0,0.0,0.0,0,bottom,0,0,1,1,1
test/Bad Heel/Bad Heel (110).jpg,0,bad_heel,70.507,80.418,142.121,0.8173,19.696,-141.03,1.1116,109.493,104.317,109.493,0,0.0,0.0,0.0,0.0,0,bottom,1,0,0,1,1
test/Bad Heel/Bad Heel (111).jpg,0,bad_heel,67.477,78.303,140.86,0.8165,19.549,-141.176,0.8686,112.523,111.196,112.523,0,0.0,0.0,0.0,0.0,0,bottom,1,0,0,1,1
test/Bad Heel/Bad Heel (112).jpg,0,bad_heel,63.436,76.218,139.898,0.846,20.953,-139.773,0.6258,116.564,122.512,122.512,0,0.0,0.0,0.0,0.0,0,bottom,1,0,1,1,1
test/Bad Heel/Bad Heel (113).jpg,0,bad_heel,61.184,74.74,141.041,0.8251,21.055,-139.67,0.6844,118.816,123.92,123.92,0,0.0,0.0,0.0,0.0,0,bottom,1,0,1,1,1
test/Bad Heel/Bad Heel (114).jpg,0,bad_heel,58.479,73.778,142.415,0.8112,17.34,-143.385,0.6042,121.521,126.671,126.671,0,0.0,0.0,0.0,0.0,0,bottom,1,0,1,1,1
test/Bad Heel/Bad Heel (115).jpg,0,bad_heel,58.752,75.123,143.747,0.8004,21.013,-139.712,0.4727,121.248,127.522,127.522,0,0.0,0.0,0.0,0.0,0,bottom,1,0,1,1,1
test/Bad Heel/Bad Heel (116).jpg,0,bad_heel,55.434,74.296,144.889,0.8133,19.119,-141.606,0.6146,124.566,129.376,129.376,0,0.0,0.0,0.0,0.0,0,bottom,1,0,1,1,1
test/Bad Heel/Bad Heel (117).jpg,0,bad_heel,53.195,71.406,142.398,0.8276,24.286,-136.44,0.9287,126.805,129.325,129.325,0,0.0,0.0,0.0,0.0,0,bottom,1,0,0,1,1
test/Bad Heel/Bad Heel (118).jpg,0,bad_heel,50.152,68.633,141.06,0.8474,19.207,-141.518,0.9836,129.848,130.68,130.68,0,0.0,0.0,0.0,0.0,0,bottom,1,0,0,1,1
test/Bad Heel/Bad Heel (119).jpg,0,bad_heel,49.905,68.166,140.252,0.843,19.783,-140.942,1.1616,130.095,129.584,130.095,0,0.0,0.0,0.0,0.0,0,bottom,1,0,0,1,1
test/Bad Heel/Bad Heel (12).jpg,0,bad_heel,56.197,70.939,146.059,1.1214,23.638,-137.087,0.6509,123.803,124.742,124.742,0,0.0,0.0,0.0,0.0,0,bottom,0,0,1,1,1
test/Bad Heel/Bad Heel (120).jpg,0,bad_heel,49.675,69.133,139.603,0.8478,22.412,-138.313,1.1907,130.325,130.902,130.902,0,0.0,0.0,0.0,0.0,0,bottom,1,0,0,1,1
test/Bad Heel/Bad Heel (121).jpg,0,bad_heel,51.267,70.868,141.237,0.8302,23.389,-137.336,0.7348,128.733,131.998,131.998,0,0.0,0.0,0.0,0.0,0,bottom,1,0,1,1,1
test/Bad Heel/Bad Heel (122).jpg,0,bad_heel,52.398,72.014,143.067,0.8293,24.435,-136.29,1.1716,127.602,127.073,127.602,0,0.0,0.0,0.0,0.0,0,bottom,1,0,0,1,1
test/Bad Heel/Bad Heel (123).jpg,0,bad_heel,56.175,74.46,141.998,0.8397,24.825,-135.9,0.9238,123.825,125.975,125.975,0,0.0,0.0,0.0,0.0,0,bottom,1,0,0,1,1
test/Bad Heel/Bad Heel (124).jpg,0,bad_heel,56.675,75.593,144.304,0.8533,21.428,-139.297,0.9956,123.325,122.161,123.325,0,0.0,0.0,0.0,0.0,0,bottom,1,0,0,1,1
test/Bad Heel/Bad Heel (125).jpg,0,bad_heel,59.182,76.827,140.928,0.8663,25.718,-135.007,0.7993,120.818,123.334,123.334,0,0.0,0.0,0.0,0.0,0,bottom,1,0,0,1,1
test/Bad Heel/Bad Heel (126).jpg,0,bad_heel,65.417,82.568,143.942,0.8385,24.751,-135.974,0.9375,114.583,111.182,114.583,0,0.0,0.0,0.0,0.0,0,bottom,1,0,0,1,1
test/Bad Heel/Bad Heel (127).jpg,0,bad_heel,69.862,85.829,145.622,0.8587,24.552,-136.174,0.8378,110.138,111.886,111.886,0,0.0,0.0,0.0,0.0,0,bottom,1,0,0,1,1
test/Bad Heel/Bad Heel (128).jpg,0,bad_heel,72.837,86.492,145.533,0.864,22.958,-137.767,0.8914,107.163,106.974,107.163,0,0.0,0.0,0.0,0.0,0,bottom,1,0,0,1,1
test/Bad Heel/Bad Heel (129).jpg,0,bad_heel,77.59,91.894,147.003,0.8851,25.252,-135.473,0.8751,102.41,102.782,102.782,0,0.0,0.0,0.0,0.0,0,bottom,1,0,0,1,1
test/Bad Heel/Bad Heel (13).jpg,0,bad_heel,54.535,71.272,146.826,1.1164,26.659,-134.066,0.6512,125.465,125.845,125.845,0,0.0,0.0,0.0,0.0,0,bottom,0,0,1,1,1
test/Bad Heel/Bad Heel (130).jpg,0,bad_heel,82.476,96.648,148.742,0.8773,24.479,-136.246,0.9485,97.524,98.231,98.231,0,0.0,0.0,0.0,0.0,0,bottom,1,0,0,1,1
test/Bad Heel/Bad Heel (131).jpg,0,bad_heel,88.486,85.084,134.577,0.8966,14.56,-146.165,0.9487,91.514,89.948,91.514,0,0.0,0.0,0.0,0.0,0,bottom,1,0,0,1,1
test/Bad Heel/Bad Heel (132).jpg,0,bad_heel,86.925,84.634,135.384,0.8889,16.348,-144.378,0.9636,93.075,92.743,93.075,0,0.0,0.0,0.0,0.0,0,bottom,1,0,0,1,1
test/Bad Heel/Bad Heel (133).jpg,0,bad_heel,87.315,84.373,135.762,0.8592,18.022,-142.704,1.0162,92.685,91.693,92.685,0,0.0,0.0,0.0,0.0,0,bottom,1,0,0,1,1
test/Bad Heel/Bad Heel (134).jpg,0,bad_heel,80.795,75.955,131.113,0.8893,15.847,-144.878,0.8011,99.205,98.158,99.205,0,0.0,0.0,0.0,0.0,0,bottom,1,0,0,1,1
test/Bad Heel/Bad Heel (135).jpg,0,bad_heel,80.842,74.659,129.453,0.864,19.125,-141.601,0.9112,99.158,99.333,99.333,0,0.0,0.0,0.0,0.0,0,bottom,1,0,0,1,1
test/Bad Heel/Bad Heel (136).jpg,0,bad_heel,78.722,71.036,127.329,0.8674,18.144,-142.582,0.7526,101.278,98.068,101.278,0,0.0,0.0,0.0,0.0,0,bottom,1,0,0,1,1
test/Bad Heel/Bad Heel (137).jpg,0,bad_heel,76.764,69.79,126.96,0.8773,17.141,-143.584,0.8421,103.236,102.353,103.236,0,0.0,0.0,0.0,0.0,0,bottom,1,0,0,1,1
test/Bad Heel/Bad Heel (138).jpg,0,bad_heel,75.519,68.602,126.817,0.8692,16.727,-143.998,0.775,104.481,105.31,105.31,0,0.0,0.0,0.0,0.0,0,bottom,1,0,0,1,1
test/Bad Heel/Bad Heel (139).jpg,0,bad_heel,73.629,66.349,125.795,0.8839,18.918,-141.807,0.7016,106.371,106.046,106.371,0,0.0,0.0,0.0,0.0,0,bottom,1,0,1,1,1
test/Bad Heel/Bad Heel (14).jpg,0,bad_heel,54.823,71.343,145.831,1.1155,25.48,-135.245,0.6228,125.177,127.722,127.722,0,0.0,0.0,0.0,0.0,0,bottom,0,0,1,1,1
test/Bad Heel/Bad Heel (140).jpg,0,bad_heel,71.875,64.305,123.419,0.8867,17.327,-143.398,0.8004,108.125,107.978,108.125,0,0.0,0.0,0.0,0.0,0,bottom,1,0,0,1,1
test/Bad Heel/Bad Heel (141).jpg,0,bad_heel,71.144,64.194,123.135,0.889,16.837,-143.889,0.8843,108.856,107.002,108.856,0,0.0,0.0,0.0,0.0,0,bottom,1,0,0,1,1
test/Bad Heel/Bad Heel (142).jpg,0,bad_heel,75.269,68.0,125.905,0.8504,16.236,-144.49,0.9833,104.731,102.484,104.731,0,0.0,0.0,0.0,0.0,0,bottom,1,0,0,1,1
test/Bad Heel/Bad Heel (143).jpg,0,bad_heel,72.796,67.588,126.445,0.8666,16.624,-144.101,0.8447,107.204,106.197,107.204,0,0.0,0.0,0.0,0.0,0,bottom,1,0,0,1,1
test/Bad Heel/Bad Heel (144).jpg,0,bad_heel,73.078,69.608,128.281,0.85,17.438,-143.287,0.9496,106.922,103.833,106.922,0,0.0,0.0,0.0,0.0,0,bottom,1,0,0,1,1
test/Bad Heel/Bad Heel (145).jpg,0,bad_heel,70.706,68.103,127.663,0.8732,14.076,-146.649,0.7635,109.294,109.383,109.383,0,0.0,0.0,0.0,0.0,0,bottom,1,0,0,1,1
test/Bad Heel/Bad Heel (146).jpg,0,bad_heel,71.085,69.691,129.632,0.8571,15.221,-145.504,0.8646,108.915,106.309,108.915,0,0.0,0.0,0.0,0.0,0,bottom,1,0,0,1,1
test/Bad Heel/Bad Heel (147).jpg,0,bad_heel,71.086,69.852,129.447,0.865,14.883,-145.842,0.8909,108.914,106.927,108.914,0,0.0,0.0,0.0,0.0,0,bottom,1,0,0,1,1
test/Bad Heel/Bad Heel (148).jpg,0,bad_heel,73.054,72.506,130.849,0.8758,13.355,-147.37,1.0806,106.946,99.978,106.946,0,0.0,0.0,0.0,0.0,0,bottom,1,0,0,1,1
test/Bad Heel/Bad Heel (149).jpg,0,bad_heel,81.095,82.906,138.484,0.8486,17.135,-143.59,1.1883,98.905,94.299,98.905,0,0.0,0.0,0.0,0.0,0,bottom,1,0,0,1,1
test/Bad Heel/Bad Heel (15).jpg,0,bad_heel,54.992,72.021,146.695,1.1371,24.126,-136.599,0.5587,125.008,127.649,127.649,0,0.0,0.0,0.0,0.0,0,bottom,0,0,1,1,1
test/Bad Heel/Bad Heel (150).jpg,0,bad_heel,83.617,86.95,140.296,0.86,16.682,-144.044,0.9814,96.383,93.059,96.383,0,0.0,0.0,0.0,0.0,0,bottom,1,0,0,1,1
test/Bad Heel/Bad Heel (151).jpg,0,bad_heel,81.309,84.14,136.847,0.9022,18.273,-142.452,0.9213,98.691,95.31,98.691,0,0.0,0.0,0.0,0.0,0,bottom,1,0,0,1,1
test/Bad Heel/Bad Heel (152).jpg,0,bad_heel,84.976,88.245,139.262,0.9071,15.348,-145.378,1.0334,95.024,88.514,95.024,0,0.0,0.0,0.0,0.0,0,bottom,1,0,0,1,1
test/Good/Good (1).jpg,0,good,60.255,67.693,141.968,1.0751,0.644,-160.082,1.1227,119.745,109.149,119.745,0,0.0,0.0,0.0,0.0,0,bottom,0,0,0,1,1
test/Good/Good (10).jpg,0,good,73.197,75.953,130.729,1.348,1.697,-159.028,0.8731,106.803,102.519,106.803,0,0.0,0.0,0.0,0.0,0,bottom,0,0,0,1,1
test/Good/Good (100).jpg,0,good,60.034,61.432,133.211,1.0967,0.858,-159.867,1.3483,119.966,113.391,119.966,0,0.0,0.0,0.0,0.0,0,bottom,0,0,0,1,1
test/Good/Good (101).jpg,0,good,57.356,59.668,132.799,1.0936,3.565,-157.16,1.499,122.644,111.041,122.644,0,0.0,0.0,0.0,0.0,0,bottom,0,0,0,1,1
test/Good/Good (102).jpg,0,good,55.899,58.3,131.709,1.0883,2.126,-158.6,1.2576,124.101,115.45,124.101,0,0.0,0.0,0.0,0.0,0,bottom,0,0,0,1,1
test/Good/Good (103).jpg,0,good,56.841,59.165,134.048,1.0623,2.065,-158.66,1.1644,123.159,111.651,123.159,0,0.0,0.0,0.0,0.0,0,bottom,0,0,0,1,1
test/Good/Good (104).jpg,0,good,56.97,58.755,132.138,1.0786,1.11,-159.615,1.1407,123.03,112.22,123.03,0,0.0,0.0,0.0,0.0,0,bottom,0,0,0,1,1
test/Good/Good (105).jpg,0,good,53.265,56.758,131.726,1.1271,3.411,-157.314,1.2501,126.735,119.814,126.735,0,0.0,0.0,0.0,0.0,0,bottom,0,0,0,1,1
test/Good/Good (106).jpg,0,good,59.774,63.35,136.276,1.0576,2.238,-158.487,1.3387,120.226,110.919,120.226,0,0.0,0.0,0.0,0.0,0,bottom,0,0,0,1,1
test/Good/Good (107).jpg,0,good,86.586,77.478,124.877,0.7511,2.163,-158.562,0.9753,93.414,86.983,93.414,0,0.0,0.0,0.0,0.0,0,bottom,1,0,0,1,1
test/Good/Good (108).jpg,0,good,78.866,71.089,122.335,0.7635,2.819,-157.906,1.0267,101.134,95.365,101.134,0,0.0,0.0,0.0,0.0,0,bottom,1,0,0,1,1
test/Good/Good (109).jpg,0,good,76.679,67.464,121.696,0.7398,0.406,-160.319,1.1465,103.321,95.877,103.321,0,0.0,0.0,0.0,0.0,0,bottom,1,0,0,1,1
test/Good/Good (11).jpg,0,good,68.529,73.372,134.059,1.2758,0.251,-160.474,0.8151,111.471,110.006,111.471,0,0.0,0.0,0.0,0.0,0,bottom,0,0,0,1,1
test/Good/Good (110).jpg,0,good,76.233,65.635,118.286,0.7476,1.843,-158.883,0.6803,103.767,99.217,103.767,0,0.0,0.0,0.0,0.0,0,bottom,1,0,1,1,1
test/Good/Good (111).jpg,0,good,72.752,62.735,118.375,0.7431,1.783,-158.942,0.6929,107.248,103.112,107.248,0,0.0,0.0,0.0,0.0,0,bottom,1,0,1,1,1
test/Good/Good (112).jpg,0,good,70.861,60.31,117.073,0.7296,0.484,-160.241,0.6673,109.139,106.455,109.139,0,0.0,0.0,0.0,0.0,0,bottom,1,0,1,1,1
test/Good/Good (113).jpg,0,good,67.291,58.468,118.071,0.7379,0.599,-160.126,0.6161,112.709,109.954,112.709,0,0.0,0.0,0.0,0.0,0,bottom,1,0,1,1,1
test/Good/Good (114).jpg,0,good,66.756,57.26,116.832,0.7384,1.218,-159.508,0.6163,113.244,110.18,113.244,0,0.0,0.0,0.0,0.0,0,bottom,1,0,1,1,1
test/Good/Good (115).jpg,0,good,66.555,57.958,118.831,0.7269,0.407,-160.318,0.6443,113.445,111.771,113.445,0,0.0,0.0,0.0,0.0,0,bottom,1,0,1,1,1
test/Good/Good (116).jpg,0,good,65.859,55.857,116.618,0.7345,3.815,-156.91,0.7055,114.141,110.888,114.141,0,0.0,0.0,0.0,0.0,0,bottom,1,0,1,1,1
test/Good/Good (117).jpg,0,good,64.114,55.666,115.707,0.748,0.365,-160.361,0.8365,115.886,111.591,115.886,0,0.0,0.0,0.0,0.0,0,bottom,1,0,0,1,1
test/Good/Good (118).jpg,0,good,64.422,56.039,115.633,0.7658,1.438,-159.288,0.714,115.578,109.152,115.578,0,0.0,0.0,0.0,0.0,0,bottom,1,0,1,1,1
test/Good/Good (119).jpg,0,good,67.535,58.716,117.141,0.7614,0.649,-160.076,0.7083,112.465,107.626,112.465,0,0.0,0.0,0.0,0.0,0,bottom,1,0,1,1,1
test/Good/Good (12).jpg,0,good,68.576,72.046,136.341,1.2401,1.113,-159.612,0.854,111.424,108.794,111.424,0,0.0,0.0,0.0,0.0,0,bottom,0,0,0,1,1
test/Good/Good (120).jpg,0,good,70.353,62.755,118.855,0.7633,1.797,-158.928,0.6488,109.647,105.274,109.647,0,0.0,0.0,0.0,0.0,0,bottom,1,0,1,1,1
test/Good/Good (121).jpg,0,good,76.356,67.56,120.379,0.7775,2.978,-157.747,0.7916,103.644,98.993,103.644,0,0.0,0.0,0.0,0.0,0,bottom,1,0,0,1,1
test/Good/Good (122).jpg,0,good,79.885,72.639,124.032,0.7598,2.252,-158.473,0.7176,100.115,93.254,100.115,0,0.0,0.0,0.0,0.0,0,bottom,1,0,1,1,1
test/Good/Good (123).jpg,0,good,83.826,77.779,127.588,0.7526,5.229,-155.496,1.2472,96.174,87.01,96.174,0,0.0,0.0,0.0,0.0,0,bottom,1,0,0,1,1
test/Good/Good (124).jpg,0,good,89.916,84.97,130.766,0.7706,3.167,-157.558,1.1142,90.084,82.319,90.084,0,0.0,0.0,0.0,0.0,0,bottom,1,0,0,1,1
test/Good/Good (125).jpg,0,good,81.113,73.191,123.055,0.8098,5.756,-154.969,1.1514,98.887,90.786,98.887,0,0.0,0.0,0.0,0.0,0,bottom,1,0,0,1,1
test/Good/Good (126).jpg,0,good,77.571,66.823,116.607,0.8228,6.823,-153.902,0.9631,102.429,95.407,102.429,1,0.0,0.0,0.0,0.0,0,bottom,1,0,0,1,1
test/Good/Good (127).jpg,0,good,73.587,65.078,117.153,0.795,7.121,-153.604,0.8643,106.413,97.938,106.413,0,0.0,0.0,0.0,0.0,0,bottom,1,0,0,1,1
test/Good/Good (128).jpg,0,good,68.97,60.7,114.786,0.8185,3.185,-157.541,0.6663,111.03,103.633,111.03,0,0.0,0.0,0.0,0.0,0,bottom,1,0,1,1,1
test/Good/Good (129).jpg,0,good,65.528,56.075,113.468,0.8162,3.813,-156.913,0.6933,114.472,109.469,114.472,0,0.0,0.0,0.0,0.0,0,bottom,1,0,1,1,1
test/Good/Good (13).jpg,0,good,69.453,73.47,137.461,1.1889,2.809,-157.916,0.8274,110.547,109.593,110.547,0,0.0,0.0,0.0,0.0,0,bottom,0,0,0,1,1
test/Good/Good (130).jpg,0,good,60.643,53.719,113.025,0.8052,4.024,-156.702,0.527,119.357,115.566,119.357,0,0.0,0.0,0.0,0.0,0,bottom,1,0,1,1,1
test/Good/Good (131).jpg,0,good,59.86,52.276,111.347,0.789,2.235,-158.49,0.433,120.14,113.771,120.14,0,0.0,0.0,0.0,0.0,0,bottom,1,0,1,1,1
test/Good/Good (132).jpg,0,good,58.487,51.494,113.191,0.782,1.941,-158.784,0.629,121.513,116.007,121.513,0,0.0,0.0,0.0,0.0,0,bottom,1,0,1,1,1
test/Good/Good (133).jpg,0,good,57.069,51.442,113.935,0.7817,2.177,-158.549,0.7028,122.931,118.582,122.931,0,0.0,0.0,0.0,0.0,0,bottom,1,0,1,1,1
test/Good/Good (134).jpg,0,good,56.417,50.995,111.381,0.7918,3.283,-157.443,0.6576,123.583,118.706,123.583,0,0.0,0.0,0.0,0.0,0,bottom,1,0,1,1,1
test/Good/Good (135).jpg,0,good,56.334,53.346,113.625,0.779,3.767,-156.958,0.4407,123.666,116.735,123.666,0,0.0,0.0,0.0,0.0,0,bottom,1,0,1,1,1
test/Good/Good (136).jpg,0,good,56.29,52.657,112.922,0.7817,5.122,-155.603,0.5859,123.71,117.291,123.71,0,0.0,0.0,0.0,0.0,0,bottom,1,0,1,1,1
test/Good/Good (137).jpg,0,good,59.166,55.913,114.458,0.7979,3.68,-157.045,0.5654,120.834,115.54,120.834,0,0.0,0.0,0.0,0.0,0,bottom,1,0,1,1,1
test/Good/Good (138).jpg,0,good,57.819,56.439,114.664,0.8199,5.065,-155.66,0.6703,122.181,116.635,122.181,0,0.0,0.0,0.0,0.0,0,bottom,1,0,1,1,1
test/Good/Good (139).jpg,0,good,60.335,59.796,117.438,0.8217,4.604,-156.122,0.6745,119.665,114.347,119.665,0,0.0,0.0,0.0,0.0,0,bottom,1,0,1,1,1
test/Good/Good (14).jpg,0,good,66.192,69.191,134.871,1.1912,2.796,-157.929,0.7324,113.808,113.864,113.864,0,0.0,0.0,0.0,0.0,0,bottom,0,0,1,1,1
test/Good/Good (140).jpg,0,good,67.109,64.943,119.074,0.8227,3.74,-156.986,0.4757,112.891,107.571,112.891,0,0.0,0.0,0.0,0.0,0,bottom,1,0,1,1,1
test/Good/Good (141).jpg,0,good,70.206,70.113,123.313,0.8081,5.56,-155.166,0.7298,109.794,99.33,109.794,0,0.0,0.0,0.0,0.0,0,bottom,1,0,1,1,1
test/Good/Good (142).jpg,0,good,73.919,74.009,125.504,0.8117,5.791,-154.934,0.8803,106.081,97.53,106.081,0,0.0,0.0,0.0,0.0,0,bottom,1,0,0,1,1
test/Good/Good (143).jpg,0,good,79.62,79.457,130.084,0.8218,3.979,-156.746,0.5382,100.38,93.628,100.38,0,0.0,0.0,0.0,0.0,0,bottom,1,0,1,1,1
test/Good/Good (144).jpg,0,good,90.421,88.182,132.308,0.7951,1.266,-159.46,0.7783,89.579,81.38,89.579,0,0.0,0.0,0.0,0.0,0,bottom,1,0,0,1,1
test/Good/Good (145).jpg,0,good,83.317,74.917,126.636,0.8463,2.023,-158.702,1.2191,96.683,89.508,96.683,1,0.0,0.0,0.0,0.0,0,bottom,1,0,0,1,1
test/Good/Good (146).jpg,0,good,79.933,72.988,127.009,0.8361,2.663,-158.062,1.3655,100.067,92.73,100.067,0,0.0,0.0,0.0,0.0,0,bottom,1,0,0,1,1
test/Good/Good (147).jpg,0,good,77.182,69.026,124.751,0.8061,0.356,-160.369,1.0533,102.818,97.447,102.818,0,0.0,0.0,0.0,0.0,0,bottom,1,0,0,1,1
test/Good/Good (148).jpg,0,good,72.284,63.463,119.304,0.8351,1.829,-158.897,0.8945,107.716,104.031,107.716,0,0.0,0.0,0.0,0.0,0,bottom,1,0,0,1,1
test/Good/Good (149).jpg,0,good,70.83,62.086,120.511,0.8063,0.624,-160.101,0.8669,109.17,105.226,109.17,0,0.0,0.0,0.0,0.0,0,bottom,1,0,0,1,1
test/Good/Good (15).jpg,0,good,62.548,66.456,134.443,1.17,2.452,-158.273,0.7518,117.452,120.023,120.023,0,0.0,0.0,0.0,0.0,0,bottom,0,0,0,1,1
test/Good/Good (150).jpg,0,good,71.034,69.585,131.626,0.7572,0.896,-159.829,1.028,108.966,108.148,108.966,0,0.0,0.0,0.0,0.0,0,bottom,1,0,0,1,1
test/Good/Good (151).jpg,0,good,67.567,63.986,125.992,0.7794,0.605,-160.12,1.0555,112.433,110.058,112.433,0,0.0,0.0,0.0,0.0,0,bottom,1,0,0,1,1
test/Good/Good (152).jpg,0,good,65.857,61.457,124.242,0.7786,0.158,-160.567,1.2262,114.143,108.613,114.143,0,0.0,0.0,0.0,0.0,0,bottom,1,0,0,1,1
train/Bad back/Bad Back (1).jpg,0,bad_back,86.339,31.036,78.483,0.7986,1.475,-159.25,0.2965,93.661,90.101,93.661,1,0.0,0.0,0.0,0.0,0,bottom,1,0,1,1,1
train/Bad back/Bad Back (10).jpg,0,bad_back,97.396,54.576,94.859,0.9406,1.981,-158.745,0.567,82.604,81.892,82.604,1,0.0,0.0,0.0,0.0,0,bottom,0,0,1,1,1
train/Bad back/Bad Back (100).jpg,0,bad_back,89.57,55.71,99.739,0.6361,178.266,17.541,0.5027,90.43,91.321,91.321,0,0.0,0.0,0.0,0.0,0,bottom,1,1,1,1,1
train/Bad back/Bad Back (101).jpg,0,bad_back,90.635,55.383,99.204,0.6504,177.622,16.897,0.6043,89.365,90.441,90.441,0,0.0,0.0,0.0,0.0,0,bottom,1,1,1,1,1
train/Bad back/Bad Back (102).jpg,0,bad_back,89.905,57.02,101.004,0.6618,176.544,15.818,0.8256,90.095,90.628,90.628,0,0.0,0.0,0.0,0.0,0,bottom,1,1,0,1,1
train/Bad back/Bad Back (103).jpg,0,bad_back,92.525,61.074,100.666,0.6618,164.282,3.557,0.4667,87.475,88.372,88.372,0,0.0,0.0,0.0,0.0,0,bottom,1,1,1,1,1
train/Bad back/Bad Back (104).jpg,0,bad_back,94.282,68.074,108.209,0.7636,176.888,16.163,0.3689,85.718,91.694,91.694,0,0.0,0.0,0.0,0.0,0,bottom,1,1,1,1,1
train/Bad back/Bad Back (105).jpg,0,bad_back,89.665,65.643,108.575,0.7405,176.983,16.258,0.4412,90.335,96.297,96.297,0,0.0,0.0,0.0,0.0,0,bottom,1,1,1,1,1
train/Bad back/Bad Back (106).jpg,0,bad_back,87.657,62.872,108.091,0.7354,178.631,17.906,0.4685,92.343,98.301,98.301,0,0.0,0.0,0.0,0.0,0,bottom,1,1,1,1,1
train/Bad back/Bad Back (107).jpg,0,bad_back,85.155,60.717,107.631,0.7142,178.159,17.434,0.5477,94.845,101.293,101.293,0,0.0,0.0,0.0,0.0,0,bottom,1,1,1,1,1
train/Bad back/Bad Back (108).jpg,0,bad_back,82.952,57.596,105.617,0.6965,176.2,15.475,0.4299,97.048,103.474,103.474,0,0.0,0.0,0.0,0.0,0,bottom,1,1,1,1,1
train/Bad back/Bad Back (109).jpg,0,bad_back,81.375,54.368,103.45,0.6936,178.347,17.622,0.4751,98.625,104.904,104.904,0,0.0,0.0,0.0,0.0,0,bottom,1,1,1,1,1
train/Bad back/Bad Back (11).jpg,0,bad_back,96.36,59.407,101.333,0.8894,4.288,-156.437,0.4161,83.64,81.43,83.64,1,0.0,0.0,0.0,0.0,0,bottom,1,0,1,1,1
train/Bad back/Bad Back (110).jpg,0,bad_back,77.77,48.523,101.869,0.7225,176.44,15.715,0.8058,102.23,106.607,106.607,0,0.0,0.0,0.0,0.0,0,bottom,1,1,0,1,1
train/Bad back/Bad Back (111).jpg,0,bad_back,74.868,46.734,101.137,0.7297,176.207,15.482,0.8181,105.132,107.606,107.606,0,0.0,0.0,0.0,0.0,0,bottom,1,1,0,1,1
train/Bad back/Bad Back (112).jpg,0,bad_back,77.711,46.633,99.839,0.7174,174.971,14.246,0.6919,102.289,107.042,107.042,0,0.0,0.0,0.0,0.0,0,bottom,1,1,1,1,1
train/Bad back/Bad Back (113).jpg,0,bad_back,77.847,46.776,99.079,0.7185,179.727,19.001,0.6071,102.153,108.093,108.093,0,0.0,0.0,0.0,0.0,0,bottom,1,1,1,1,1
train/Bad back/Bad Back (114).jpg,0,bad_back,77.107,47.626,100.092,0.7113,178.986,18.26,0.6276,102.893,107.424,107.424,0,0.0,0.0,0.0,0.0,0,bottom,1,1,1,1,1
train/Bad back/Bad Back (115).jpg,0,bad_back,77.297,47.647,100.841,0.7038,178.665,17.94,0.6404,102.703,107.127,107.127,0,0.0,0.0,0.0,0.0,0,bottom,1,1,1,1,1
train/Bad back/Bad Back (116).jpg,0,bad_back,78.654,49.346,102.206,0.6863,174.679,13.953,0.8177,101.346,105.667,105.667,0,0.0,0.0,0.0,0.0,0,bottom,1,1,0,1,1
train/Bad back/Bad Back (117).jpg,0,bad_back,84.064,54.248,104.28,0.6826,179.457,18.732,0.6941,95.936,101.464,101.464,0,0.0,0.0,0.0,0.0,0,bottom,1,1,1,1,1
train/Bad back/Bad Back (118).jpg,0,bad_back,86.968,57.729,103.036,0.7151,179.651,18.925,0.5868,93.032,99.83,99.83,0,0.0,0.0,0.0,0.0,0,bottom,1,1,1,1,1
train/Bad back/Bad Back (119).jpg,0,bad_back,90.309,62.682,106.323,0.7071,178.493,17.768,0.5978,89.691,96.576,96.576,0,0.0,0.0,0.0,0.0,0,bottom,1,1,1,1,1
train/Bad back/Bad Back (12).jpg,0,bad_back,96.586,58.454,100.477,0.8564,5.3,-155.425,0.4417,83.414,80.476,83.414,1,0.0,0.0,0.0,0.0,0,bottom,1,0,1,1,1
train/Bad back/Bad Back (120).jpg,0,bad_back,93.345,66.63,108.555,0.7099,178.677,17.951,0.45,86.655,93.533,93.533,0,0.0,0.0,0.0,0.0,0,bottom,1,1,1,1,1
train/Bad back/Bad Back (121).jpg,0,bad_back,97.472,73.293,111.335,0.6926,177.712,16.986,0.5619,82.528,89.935,89.935,0,0.0,0.0,0.0,0.0,0,bottom,1,1,1,1,1
train/Bad back/Bad Back (122).jpg,0,bad_back,93.927,65.208,104.097,0.6862,177.839,17.114,0.4617,86.073,90.068,90.068,0,0.0,0.0,0.0,0.0,0,bottom,1,1,1,1,1
train/Bad back/Bad Back (123).jpg,0,bad_back,91.336,62.353,103.315,0.6657,174.763,14.037,0.4753,88.664,93.017,93.017,0,0.0,0.0,0.0,0.0,0,bottom,1,1,1,1,1
train/Bad back/Bad Back (124).jpg,0,bad_back,86.099,57.699,100.623,0.6631,177.79,17.064,0.3188,93.901,96.776,96.776,0,0.0,0.0,0.0,0.0,0,bottom,1,1,1,1,1
train/Bad back/Bad Back (125).jpg,0,bad_back,85.526,54.352,98.854,0.6632,171.347,10.621,0.4617,94.474,98.644,98.644,0,0.0,0.0,0.0,0.0,0,bottom,1,1,1,1,1
train/Bad back/Bad Back (126).jpg,0,bad_back,86.273,52.641,96.873,0.6687,174.189,13.464,0.4825,93.727,98.603,98.603,0,0.0,0.0,0.0,0.0,0,bottom,1,1,1,1,1
train/Bad back/Bad Back (127).jpg,0,bad_back,83.918,47.908,94.518,0.6756,176.246,15.52,0.626,96.082,98.046,98.046,0,0.0,0.0,0.0,0.0,0,bottom,1,1,1,1,1
train/Bad back/Bad Back (128).jpg,0,bad_back,81.554,46.298,93.71,0.6762,173.966,13.241,0.6801,98.446,100.253,100.253,0,0.0,0.0,0.0,0.0,0,bottom,1,1,1,1,1
train/Bad back/Bad Back (129).jpg,0,bad_back,81.558,46.096,92.769,0.6747,172.006,11.281,0.6351,98.442,100.998,100.998,0,0.0,0.0,0.0,0.0,0,bottom,1,1,1,1,1
train/Bad back/Bad Back (13).jpg,0,bad_back,92.745,56.811,98.748,0.8362,6.843,-153.883,0.8286,87.255,81.904,87.255,1,0.0,0.0,0.0,0.0,0,bottom,1,0,0,1,1
train/Bad back/Bad Back (130).jpg,0,bad_back,81.029,45.853,92.622,0.6716,172.324,11.599,0.5709,98.971,101.297,101.297,0,0.0,0.0,0.0,0.0,0,bottom,1,1,1,1,1
train/Bad back/Bad Back (131).jpg,0,bad_back,79.927,45.097,92.343,0.6752,171.17,10.445,0.5636,100.073,101.829,101.829,0,0.0,0.0,0.0,0.0,0,bottom,1,1,1,1,1
train/Bad back/Bad Back (132).jpg,0,bad_back,81.319,46.826,93.916,0.6724,173.14,12.414,0.6117,98.681,101.136,101.136,0,0.0,0.0,0.0,0.0,0,bottom,1,1,1,1,1
train/Bad back/Bad Back (133).jpg,0,bad_back,83.241,48.424,96.366,0.6599,175.242,14.516,0.6823,96.759,98.935,98.935,0,0.0,0.0,0.0,0.0,0,bottom,1,1,1,1,1
train/Bad back/Bad Back (134).jpg,0,bad_back,80.948,49.093,97.678,0.6718,174.621,13.896,0.6864,99.052,99.647,99.647,0,0.0,0.0,0.0,0.0,0,bottom,1,1,1,1,1
train/Bad back/Bad Back (135).jpg,0,bad_back,86.386,55.297,99.483,0.6741,174.959,14.233,0.4599,93.614,96.967,96.967,0,0.0,0.0,0.0,0.0,0,bottom,1,1,1,1,1
train/Bad back/Bad Back (136).jpg,0,bad_back,90.459,60.813,102.271,0.6609,176.369,15.644,0.313,89.541,93.337,93.337,0,0.0,0.0,0.0,0.0,0,bottom,1,1,1,1,1
train/Bad back/Bad Back (137).jpg,0,bad_back,94.084,63.99,103.712,0.6761,179.485,18.759,0.5029,85.916,89.431,89.431,0,0.0,0.0,0.0,0.0,0,bottom,1,1,1,1,1
train/Bad back/Bad Back (138).jpg,0,bad_back,92.272,65.199,106.014,0.69,175.677,14.951,0.5598,87.728,91.64,91.64,0,0.0,0.0,0.0,0.0,0,bottom,1,1,1,1,1
train/Bad back/Bad Back (139).jpg,0,bad_back,89.909,62.984,105.348,0.691,172.375,11.65,0.578,90.091,92.915,92.915,0,0.0,0.0,0.0,0.0,0,bottom,1,1,1,1,1
train/Bad back/Bad Back (14).jpg,0,bad_back,96.397,58.177,100.049,0.7712,2.81,-157.915,0.5461,83.603,77.146,83.603,1,0.0,0.0,0.0,0.0,0,bottom,1,0,1,1,1
train/Bad back/Bad Back (140).jpg,0,bad_back,89.782,61.132,103.07,0.6942,176.923,16.197,0.637,90.218,94.091,94.091,0,0.0,0.0,0.0,0.0,0,bottom,1,1,1,1,1
train/Bad back/Bad Back (141).jpg,0,bad_back,84.249,56.888,101.626,0.6929,174.145,13.419,0.5156,95.751,98.963,98.963,0,0.0,0.0,0.0,0.0,0,bottom,1,1,1,1,1
train/Bad back/Bad Back (142).jpg,0,bad_back,85.535,54.912,99.232,0.6857,175.217,14.492,0.48,94.465,98.975,98.975,0,0.0,0.0,0.0,0.0,0,bottom,1,1,1,1,1
train/Bad back/Bad Back (143).jpg,0,bad_back,82.72,52.876,99.697,0.6802,177.014,16.288,0.6201,97.28,99.54,99.54,0,0.0,0.0,0.0,0.0,0,bottom,1,1,1,1,1
train/Bad back/Bad Back (144).jpg,0,bad_back,80.859,50.984,98.731,0.6854,177.735,17.01,0.4636,99.141,102.275,102.275,0,0.0,0.0,0.0,0.0,0,bottom,1,1,1,1,1
train/Bad back/Bad Back (145).jpg,0,bad_back,80.397,50.57,98.709,0.6849,177.55,16.825,0.534,99.603,102.333,102.333,0,0.0,0.0,0.0,0.0,0,bottom,1,1,1,1,1
train/Bad back/Bad Back (146).jpg,0,bad_back,80.469,50.249,98.733,0.6777,178.515,17.79,0.6615,99.531,102.123,102.123,0,0.0,0.0,0.0,0.0,0,bottom,1,1,1,1,1
train/Bad back/Bad Back (147).jpg,0,bad_back,80.921,50.459,98.631,0.6761,177.264,16.539,0.6507,99.079,101.912,101.912,0,0.0,0.0,0.0,0.0,0,bottom,1,1,1,1,1
train/Bad back/Bad Back (148).jpg,0,bad_back,80.161,49.957,98.736,0.6779,178.475,17.75,0.6533,99.839,102.084,102.084,0,0.0,0.0,0.0,0.0,0,bottom,1,1,1,1,1
train/Bad back/Bad Back (149).jpg,0,bad_back,80.017,49.567,98.559,0.6795,175.026,14.301,0.4483,99.983,101.754,101.754,0,0.0,0.0,0.0,0.0,0,bottom,1,1,1,1,1
train/Bad back/Bad Back (15).jpg,0,bad_back,95.643,62.01,104.407,0.7887,5.388,-155.338,0.4549,84.357,75.757,84.357,1,0.0,0.0,0.0,0.0,0,bottom,1,0,1,1,1
train/Bad back/Bad Back (150).jpg,0,bad_back,81.065,50.52,98.987,0.6746,175.374,14.649,0.4317,98.935,103.214,103.214,0,0.0,0.0,0.0,0.0,0,bottom,1,1,1,1,1
train/Bad back/Bad Back (151).jpg,0,bad_back,82.453,51.93,100.34,0.6781,177.981,17.256,0.5049,97.547,101.412,101.412,0,0.0,0.0,0.0,0.0,0,bottom,1,1,1,1,1
train/Bad back/Bad Back (152).jpg,0,bad_back,87.228,57.45,101.196,0.6923,175.134,14.409,0.4784,92.772,97.201,97.201,0,0.0,0.0,0.0,0.0,0,bottom,1,1,1,1,1
train/Bad heel/Bad Heel (1).jpg,0,bad_heel,64.962,74.981,135.15,0.8749,18.147,-142.579,0.4279,115.038,114.144,115.038,0,0.0,0.0,0.0,0.0,0,bottom,1,0,1,1,1
train/Bad heel/Bad Heel (10).jpg,0,bad_heel,59.483,66.317,131.487,0.8959,21.364,-139.361,0.2612,120.517,120.493,120.517,0,0.0,0.0,0.0,0.0,0,bottom,1,0,1,1,1
train/Bad heel/Bad Heel (100).jpg,0,bad_heel,91.914,98.832,140.09,0.7212,158.222,-2.503,0.4857,88.086,96.754,96.754,0,0.0,0.0,0.0,0.0,0,bottom,1,0,1,1,1
train/Bad heel/Bad Heel (101).jpg,0,bad_heel,99.891,103.81,140.996,0.7189,160.081,-0.644,0.5555,80.109,91.569,91.569,0,0.0,0.0,0.0,0.0,0,bottom,1,0,1,1,1
train/Bad heel/Bad Heel (102).jpg,0,bad_heel,90.095,88.272,133.308,0.7082,147.299,-13.426,0.3358,89.905,94.686,94.686,0,0.0,0.0,0.0,0.0,0,bottom,1,0,1,1,1
train/Bad heel/Bad Heel (103).jpg,0,bad_heel,87.199,84.995,132.754,0.7031,148.679,-12.046,0.359,92.801,97.882,97.882,0,0.0,0.0,0.0,0.0,0,bottom,1,0,1,1,1
train/Bad heel/Bad Heel (104).jpg,0,bad_heel,79.813,78.864,129.974,0.7389,148.239,-12.486,0.4765,100.187,103.6,103.6,0,0.0,0.0,0.0,0.0,0,bottom,1,0,1,1,1
train/Bad heel/Bad Heel (105).jpg,0,bad_heel,74.412,74.41,129.428,0.7459,146.251,-14.475,0.4225,105.588,106.863,106.863,0,0.0,0.0,0.0,0.0,0,bottom,1,0,1,1,1
train/Bad heel/Bad Heel (106).jpg,0,bad_heel,70.837,69.403,124.002,0.7529,143.202,-17.523,0.4873,109.163,109.846,109.846,0,0.0,0.0,0.0,0.0,0,bottom,1,0,1,1,1
train/Bad heel/Bad Heel (107).jpg,0,bad_heel,67.815,66.569,122.825,0.766,142.647,-18.078,1.2198,112.185,113.358,113.358,0,0.0,0.0,0.0,0.0,0,bottom,1,0,0,1,1
train/Bad heel/Bad Heel (108).jpg,0,bad_heel,66.341,65.622,121.664,0.7601,141.571,-19.154,0.8016,113.659,115.591,115.591,0,0.0,0.0,0.0,0.0,0,bottom,1,0,0,1,1
train/Bad heel/Bad Heel (109).jpg,0,bad_heel,64.7,58.476,118.082,0.7575,139.754,-20.971,0.7547,115.3,118.245,118.245,0,0.0,0.0,0.0,0.0,0,bottom,1,0,0,1,1
train/Bad heel/Bad Heel (11).jpg,0,bad_heel,70.598,87.793,143.934,0.7849,23.276,-137.449,0.9632,109.402,110.904,110.904,0,0.0,0.0,0.0,0.0,0,bottom,1,0,0,1,1
train/Bad heel/Bad Heel (110).jpg,0,bad_heel,63.275,55.789,116.135,0.7588,138.893,-21.833,0.6414,116.725,119.575,119.575,0,0.0,0.0,0.0,0.0,0,bottom,1,0,1,1,1
train/Bad heel/Bad Heel (111).jpg,0,bad_heel,61.706,52.181,114.409,0.7369,138.897,-21.829,0.26,118.294,120.739,120.739,0,0.0,0.0,0.0,0.0,0,bottom,1,0,1,1,1
train/Bad heel/Bad Heel (112).jpg,0,bad_heel,55.916,44.678,109.494,0.7433,137.693,-23.032,0.5727,124.084,124.934,124.934,0,0.0,0.0,0.0,0.0,0,bottom,1,0,1,1,1
train/Bad heel/Bad Heel (113).jpg,0,bad_heel,56.322,39.464,103.238,0.7673,138.479,-22.246,0.2821,123.678,125.494,125.494,0,0.0,0.0,0.0,0.0,0,bottom,1,0,1,1,1
train/Bad heel/Bad Heel (114).jpg,0,bad_heel,55.247,36.548,100.958,0.7819,140.666,-20.059,0.4504,124.753,127.726,127.726,0,0.0,0.0,0.0,0.0,0,bottom,1,0,1,1,1
train/Bad heel/Bad Heel (115).jpg,0,bad_heel,57.607,36.162,99.661,0.7598,139.72,-21.005,1.2647,122.393,127.534,127.534,0,0.0,0.0,0.0,0.0,0,bottom,1,0,0,1,1
train/Bad heel/Bad Heel (116).jpg,0,bad_heel,56.426,33.223,97.287,0.7613,143.545,-17.18,0.5375,123.574,126.576,126.576,0,0.0,0.0,0.0,0.0,0,bottom,1,0,1,1,1
train/Bad heel/Bad Heel (117).jpg,0,bad_heel,57.393,34.579,98.199,0.735,143.12,-17.605,0.5907,122.607,126.683,126.683,0,0.0,0.0,0.0,0.0,0,bottom,1,0,1,1,1
train/Bad heel/Bad Heel (118).jpg,0,bad_heel,57.751,32.468,96.56,0.7167,141.311,-19.414,0.4483,122.249,125.79,125.79,0,0.0,0.0,0.0,0.0,0,bottom,1,0,1,1,1
train/Bad heel/Bad Heel (119).jpg,0,bad_heel,60.158,34.331,95.928,0.7382,144.163,-16.562,1.5154,119.842,124.963,124.963,0,0.0,0.0,0.0,0.0,0,bottom,1,0,0,1,1
train/Bad heel/Bad Heel (12).jpg,0,bad_heel,62.906,74.088,136.811,0.7959,25.116,-135.609,0.6965,117.094,114.561,117.094,0,0.0,0.0,0.0,0.0,0,bottom,1,0,1,1,1
train/Bad heel/Bad Heel (120).jpg,0,bad_heel,60.424,32.663,93.384,0.7234,145.608,-15.118,0.4965,119.576,125.089,125.089,0,0.0,0.0,0.0,0.0,0,bottom,1,0,1,1,1
train/Bad heel/Bad Heel (121).jpg,0,bad_heel,59.683,28.58,90.272,0.7066,147.151,-13.574,0.1606,120.317,124.408,124.408,0,0.0,0.0,0.0,0.0,0,bottom,1,0,1,1,1
train/Bad heel/Bad Heel (122).jpg,0,bad_heel,62.309,32.515,92.366,0.6988,152.904,-7.821,0.4707,117.691,122.684,122.684,0,0.0,0.0,0.0,0.0,0,bottom,1,0,1,1,1
train/Bad heel/Bad Heel (123).jpg,0,bad_heel,62.483,33.704,92.943,0.6891,149.513,-11.212,0.5499,117.517,121.213,121.213,0,0.0,0.0,0.0,0.0,0,bottom,1,0,1,1,1
train/Bad heel/Bad Heel (124).jpg,0,bad_heel,62.931,32.826,93.36,0.6813,150.044,-10.682,0.5891,117.069,121.184,121.184,0,0.0,0.0,0.0,0.0,0,bottom,1,0,1,1,1
train/Bad heel/Bad Heel (125).jpg,0,bad_heel,64.275,35.746,92.628,0.6976,144.848,-15.877,0.8366,115.725,120.402,120.402,0,0.0,0.0,0.0,0.0,0,bottom,1,0,0,1,1
train/Bad heel/Bad Heel (126).jpg,0,bad_heel,65.791,37.962,97.021,0.6854,144.956,-15.769,0.763,114.209,118.813,118.813,0,0.0,0.0,0.0,0.0,0,bottom,1,0,0,1,1
train/Bad heel/Bad Heel (127).jpg,0,bad_heel,68.131,41.583,98.181,0.6925,141.731,-18.994,1.3097,111.869,116.856,116.856,0,0.0,0.0,0.0,0.0,0,bottom,1,0,0,1,1
train/Bad heel/Bad Heel (128).jpg,0,bad_heel,70.74,44.934,99.556,0.7099,140.771,-19.954,0.8896,109.26,112.295,112.295,0,0.0,0.0,0.0,0.0,0,bottom,1,0,0,1,1
train/Bad heel/Bad Heel (129).jpg,0,bad_heel,82.232,56.148,104.737,0.7079,140.61,-20.115,2.0645,97.768,106.221,106.221,0,0.0,0.0,0.0,0.0,0,bottom,1,0,0,1,1
train/Bad heel/Bad Heel (13).jpg,0,bad_heel,64.899,74.637,137.003,0.7933,25.866,-134.859,0.6262,115.101,115.805,115.805,0,0.0,0.0,0.0,0.0,0,bottom,1,0,1,1,1
train/Bad heel/Bad Heel (130).jpg,0,bad_heel,90.562,66.342,109.684,0.6914,141.105,-19.621,2.5551,89.438,97.615,97.615,0,0.0,0.0,0.0,0.0,0,bottom,1,0,0,1,1
train/Bad heel/Bad Heel (131).jpg,0,bad_heel,93.825,72.007,113.072,0.7007,141.41,-19.315,4.6945,86.175,91.645,91.645,0,0.0,0.0,0.0,0.0,0,bottom,1,0,0,1,1
train/Bad heel/Bad Heel (132).jpg,0,bad_heel,91.601,102.819,145.588,0.7254,147.838,-12.887,0.4572,88.399,94.563,94.563,0,0.0,0.0,0.0,0.0,0,bottom,1,0,1,1,1
train/Bad heel/Bad Heel (133).jpg,0,bad_heel,85.702,95.62,139.96,0.7197,142.983,-17.742,0.7692,94.298,98.716,98.716,0,0.0,0.0,0.0,0.0,0,bottom,1,0,0,1,1
train/Bad heel/Bad Heel (134).jpg,0,bad_heel,79.74,89.821,137.577,0.7612,143.075,-17.65,0.608,100.26,103.237,103.237,0,0.0,0.0,0.0,0.0,0,bottom,1,0,1,1,1
train/Bad heel/Bad Heel (135).jpg,0,bad_heel,75.895,86.872,137.485,0.7345,145.4,-15.325,0.6777,104.105,106.807,106.807,0,0.0,0.0,0.0,0.0,0,bottom,1,0,1,1,1
train/Bad heel/Bad Heel (136).jpg,0,bad_heel,72.605,81.171,132.811,0.7176,143.402,-17.324,0.9547,107.395,110.483,110.483,0,0.0,0.0,0.0,0.0,0,bottom,1,0,0,1,1
train/Bad heel/Bad Heel (137).jpg,0,bad_heel,69.239,78.056,131.353,0.714,141.783,-18.942,0.7459,110.761,114.307,114.307,0,0.0,0.0,0.0,0.0,0,bottom,1,0,1,1,1
train/Bad heel/Bad Heel (138).jpg,0,bad_heel,67.009,74.581,128.544,0.716,138.486,-22.24,0.8766,112.991,116.432,116.432,0,0.0,0.0,0.0,0.0,0,bottom,1,0,0,1,1
train/Bad heel/Bad Heel (139).jpg,0,bad_heel,60.853,68.933,127.218,0.698,141.369,-19.356,0.852,119.147,120.582,120.582,0,0.0,0.0,0.0,0.0,0,bottom,1,0,0,1,1
train/Bad heel/Bad Heel (14).jpg,0,bad_heel,61.506,71.651,136.067,0.786,29.12,-131.605,0.5093,118.494,116.494,118.494,0,0.0,0.0,0.0,0.0,0,bottom,1,0,1,1,1
train/Bad heel/Bad Heel (140).jpg,0,bad_heel,59.758,63.851,125.342,0.6901,141.24,-19.485,1.2637,120.242,122.256,122.256,0,0.0,0.0,0.0,0.0,0,bottom,1,0,0,1,1
train/Bad heel/Bad Heel (141).jpg,0,bad_heel,58.712,63.085,123.826,0.7039,140.586,-20.139,0.8723,121.288,123.591,123.591,0,0.0,0.0,0.0,0.0,0,bottom,1,0,0,1,1
train/Bad heel/Bad Heel (142).jpg,0,bad_heel,58.012,60.74,123.316,0.6845,137.634,-23.092,1.3732,121.988,126.629,126.629,0,0.0,0.0,0.0,0.0,0,bottom,1,0,0,1,1
train/Bad heel/Bad Heel (143).jpg,0,bad_heel,54.547,59.985,124.851,0.6906,139.231,-21.494,1.0743,125.453,128.2,128.2,0,0.0,0.0,0.0,0.0,0,bottom,1,0,0,1,1
train/Bad heel/Bad Heel (144).jpg,0,bad_heel,52.266,57.501,123.023,0.6833,139.184,-21.541,0.8298,127.734,130.485,130.485,0,0.0,0.0,0.0,0.0,0,bottom,1,0,0,1,1
train/Bad heel/Bad Heel (145).jpg,0,bad_heel,48.905,55.056,121.573,0.6859,138.476,-22.25,0.7586,131.095,133.014,133.014,0,0.0,0.0,0.0,0.0,0,bottom,1,0,0,1,1
train/Bad heel/Bad Heel (146).jpg,0,bad_heel,46.516,55.568,125.032,0.6743,139.343,-21.383,0.7245,133.484,133.125,133.484,0,0.0,0.0,0.0,0.0,0,bottom,1,0,1,1,1
train/Bad heel/Bad Heel (147).jpg,0,bad_heel,45.872,55.322,125.084,0.6817,138.166,-22.559,0.7138,134.128,135.057,135.057,0,0.0,0.0,0.0,0.0,0,bottom,1,0,1,1,1
train/Bad heel/Bad Heel (148).jpg,0,bad_heel,45.182,55.368,124.933,0.6695,137.743,-22.982,0.7477,134.818,134.635,134.818,0,0.0,0.0,0.0,0.0,0,bottom,1,0,1,1,1
train/Bad heel/Bad Heel (149).jpg,0,bad_heel,46.341,55.838,125.388,0.6662,136.913,-23.812,0.7561,133.659,134.065,134.065,0,0.0,0.0,0.0,0.0,0,bottom,1,0,0,1,1
train/Bad heel/Bad Heel (15).jpg,0,bad_heel,69.104,72.211,133.028,0.7718,23.849,-136.877,0.5742,110.896,106.562,110.896,0,0.0,0.0,0.0,0.0,0,bottom,1,0,1,1,1
train/Bad heel/Bad Heel (150).jpg,0,bad_heel,47.957,58.17,126.153,0.668,138.932,-21.793,0.8253,132.043,133.399,133.399,0,0.0,0.0,0.0,0.0,0,bottom,1,0,0,1,1
train/Bad heel/Bad Heel (151).jpg,0,bad_heel,51.182,58.762,126.33,0.6733,137.067,-23.658,1.2272,128.818,130.704,130.704,0,0.0,0.0,0.0,0.0,0,bottom,1,0,0,1,1
train/Bad heel/Bad Heel (152).jpg,0,bad_heel,52.638,59.719,126.17,0.678,138.815,-21.911,1.1476,127.362,129.299,129.299,0,0.0,0.0,0.0,0.0,0,bottom,1,0,0,1,1
train/Good/Good (1).jpg,0,good,79.905,75.951,128.141,0.8978,2.428,-158.297,0.8353,100.095,98.586,100.095,0,0.0,0.0,0.0,0.0,0,bottom,1,0,0,1,1
train/Good/Good (10).jpg,0,good,84.184,82.09,132.373,0.9701,2.191,-158.534,0.7192,95.816,91.299,95.816,0,0.0,0.0,0.0,0.0,0,bottom,0,0,1,1,1
train/Good/Good (100).jpg,0,good,86.944,75.194,119.558,0.7744,178.277,17.551,0.5327,93.056,101.995,101.995,0,0.0,0.0,0.0,0.0,0,bottom,1,1,1,1,1
train/Good/Good (1000).jpg,0,good,58.45,55.609,119.416,1.4625,0.826,-159.899,0.9798,121.55,113.177,121.55,0,0.0,0.0,0.0,0.0,0,bottom,0,0,0,1,1
train/Good/Good (1001).jpg,0,good,66.571,61.502,119.495,1.4206,1.35,-159.375,1.1347,113.429,111.152,113.429,0,0.0,0.0,0.0,0.0,0,bottom,0,0,0,1,1
train/Good/Good (101).jpg,0,good,82.705,70.433,116.511,0.7728,179.791,19.066,0.347,97.295,103.366,103.366,0,0.0,0.0,0.0,0.0,0,bottom,1,1,1,1,1
train/Good/Good (102).jpg,0,good,80.773,67.377,115.155,0.7824,176.658,15.933,0.4607,99.227,105.972,105.972,0,0.0,0.0,0.0,0.0,0,bottom,1,1,1,1,1
train/Good/Good (103).jpg,0,good,77.708,62.201,112.025,0.7805,175.239,14.513,0.5391,102.292,110.586,110.586,0,0.0,0.0,0.0,0.0,0,bottom,1,1,1,1,1
train/Good/Good (104).jpg,0,good,75.575,60.126,110.979,0.7795,175.781,15.055,0.4159,104.425,110.13,110.13,0,0.0,0.0,0.0,0.0,0,bottom,1,1,1,1,1
train/Good/Good (105).jpg,0,good,72.087,56.75,111.176,0.7705,179.134,18.409,0.4208,107.913,114.395,114.395,0,0.0,0.0,0.0,0.0,0,bottom,1,1,1,1,1
train/Good/Good (106).jpg,0,good,69.244,52.665,108.347,0.7743,179.639,18.914,0.45,110.756,116.986,116.986,0,0.0,0.0,0.0,0.0,0,bottom,1,1,1,1,1
train/Good/Good (107).jpg,0,good,66.497,51.21,108.244,0.7702,179.032,18.307,0.534,113.503,117.952,117.952,0,0.0,0.0,0.0,0.0,0,bottom,1,1,1,1,1
train/Good/Good (108).jpg,0,good,67.337,52.208,107.513,0.767,178.85,18.125,0.4707,112.663,118.54,118.54,0,0.0,0.0,0.0,0.0,0,bottom,1,1,1,1,1
train/Good/Good (109).jpg,0,good,64.112,49.822,107.489,0.7629,179.781,19.056,0.5513,115.888,120.757,120.757,0,0.0,0.0,0.0,0.0,0,bottom,1,1,1,1,1
train/Good/Good (11).jpg,0,good,79.803,68.485,122.509,0.8949,0.659,-160.066,0.9273,100.197,98.708,100.197,0,0.0,0.0,0.0,0.0,0,bottom,1,0,0,1,1
train/Good/Good (110).jpg,0,good,62.831,49.466,107.636,0.7685,177.814,17.088,0.4241,117.169,121.004,121.004,0,0.0,0.0,0.0,0.0,0,bottom,1,1,1,1,1
train/Good/Good (111).jpg,0,good,63.743,49.914,108.368,0.7558,178.7,17.975,0.5243,116.257,121.224,121.224,0,0.0,0.0,0.0,0.0,0,bottom,1,1,1,1,1
train/Good/Good (112).jpg,0,good,64.381,50.97,108.759,0.7539,179.316,18.591,0.5272,115.619,120.595,120.595,0,0.0,0.0,0.0,0.0,0,bottom,1,1,1,1,1
train/Good/Good (113).jpg,0,good,66.571,51.143,108.422,0.7577,176.741,16.016,0.6547,113.429,118.861,118.861,0,0.0,0.0,0.0,0.0,0,bottom,1,1,1,1,1
train/Good/Good (114).jpg,0,good,69.243,53.325,110.412,0.7518,178.664,17.938,0.5117,110.757,117.177,117.177,0,0.0,0.0,0.0,0.0,0,bottom,1,1,1,1,1
train/Good/Good (115).jpg,0,good,70.714,55.489,110.241,0.7405,178.697,17.972,0.5042,109.286,115.006,115.006,0,0.0,0.0,0.0,0.0,0,bottom,1,1,1,1,1
train/Good/Good (116).jpg,0,good,74.728,59.929,112.135,0.7458,177.3,16.575,0.3446,105.272,111.362,111.362,0,0.0,0.0,0.0,0.0,0,bottom,1,1,1,1,1
train/Good/Good (117).jpg,0,good,77.161,64.735,115.991,0.743,178.054,17.329,0.5578,102.839,108.304,108.304,0,0.0,0.0,0.0,0.0,0,bottom,1,1,1,1,1
train/Good/Good (118).jpg,0,good,80.447,69.142,116.534,0.7574,179.617,18.892,0.3471,99.553,106.305,106.305,0,0.0,0.0,0.0,0.0,0,bottom,1,1,1,1,1
train/Good/Good (119).jpg,0,good,84.955,73.396,118.217,0.7557,178.457,17.732,0.324,95.045,103.906,103.906,0,0.0,0.0,0.0,0.0,0,bottom,1,1,1,1,1
train/Good/Good (12).jpg,0,good,84.842,76.235,128.123,0.9071,3.492,-157.233,0.6344,95.158,92.485,95.158,0,0.0,0.0,0.0,0.0,0,bottom,1,0,1,1,1
train/Good/Good (120).jpg,0,good,88.937,77.957,121.897,0.7627,179.403,18.677,0.7235,91.063,101.17,101.17,0,0.0,0.0,0.0,0.0,0,bottom,1,1,1,1,1
train/Good/Good (121).jpg,0,good,92.348,82.427,124.602,0.7545,179.885,19.159,0.8302,87.652,96.034,96.034,0,0.0,0.0,0.0,0.0,0,bottom,1,1,0,1,1
train/Good/Good (122).jpg,0,good,94.513,86.16,126.05,0.7423,178.451,17.726,0.4045,85.487,92.058,92.058,0,0.0,0.0,0.0,0.0,0,bottom,1,1,1,1,1
train/Good/Good (123).jpg,0,good,99.102,90.818,128.559,0.7349,179.452,18.727,0.3847,80.898,87.946,87.946,0,0.0,0.0,0.0,0.0,0,bottom,1,1,1,1,1
train/Good/Good (124).jpg,0,good,95.462,85.013,126.195,0.7715,179.337,18.612,0.7494,84.538,92.372,92.372,0,0.0,0.0,0.0,0.0,0,bottom,1,1,1,1,1
train/Good/Good (125).jpg,0,good,88.439,81.777,126.152,0.7669,179.01,18.285,0.6734,91.561,98.126,98.126,0,0.0,0.0,0.0,0.0,0,bottom,1,1,1,1,1
train/Good/Good (126).jpg,0,good,86.855,78.303,123.758,0.7704,177.722,16.997,1.669,93.145,100.424,100.424,0,0.0,0.0,0.0,0.0,0,bottom,1,1,0,1,1
train/Good/Good (127).jpg,0,good,84.66,74.552,120.157,0.779,179.305,18.579,0.4893,95.34,104.026,104.026,0,0.0,0.0,0.0,0.0,0,bottom,1,1,1,1,1
train/Good/Good (128).jpg,0,good,80.468,71.959,121.189,0.772,178.687,17.961,0.5524,99.532,106.398,106.398,0,0.0,0.0,0.0,0.0,0,bottom,1,1,1,1,1
train/Good/Good (129).jpg,0,good,78.958,68.71,117.877,0.7675,178.142,17.416,0.5121,101.042,108.728,108.728,0,0.0,0.0,0.0,0.0,0,bottom,1,1,1,1,1
train/Good/Good (13).jpg,0,good,83.338,76.649,126.974,0.933,0.056,-160.669,0.6306,96.662,94.938,96.662,0,0.0,0.0,0.0,0.0,0,bottom,0,0,1,1,1
train/Good/Good (130).jpg,0,good,73.61,63.783,115.343,0.7733,179.826,19.101,0.4446,106.39,111.913,111.913,0,0.0,0.0,0.0,0.0,0,bottom,1,1,1,1,1
train/Good/Good (131).jpg,0,good,73.045,60.797,113.408,0.7757,178.524,17.799,0.4576,106.955,112.016,112.016,0,0.0,0.0,0.0,0.0,0,bottom,1,1,1,1,1
train/Good/Good (132).jpg,0,good,68.777,55.474,110.346,0.7607,176.977,16.252,0.6482,111.223,116.506,116.506,0,0.0,0.0,0.0,0.0,0,bottom,1,1,1,1,1
train/Good/Good (133).jpg,0,good,66.384,53.303,109.852,0.751,179.75,19.025,0.6597,113.616,119.763,119.763,0,0.0,0.0,0.0,0.0,0,bottom,1,1,1,1,1
train/Good/Good (134).jpg,0,good,65.039,53.655,111.917,0.7376,177.576,16.851,0.6401,114.961,120.675,120.675,0,0.0,0.0,0.0,0.0,0,bottom,1,1,1,1,1
train/Good/Good (135).jpg,0,good,63.971,51.015,107.75,0.7541,179.055,18.33,0.6904,116.029,121.482,121.482,0,0.0,0.0,0.0,0.0,0,bottom,1,1,1,1,1
train/Good/Good (136).jpg,0,good,62.239,50.203,109.456,0.7523,179.372,18.647,0.5792,117.761,122.606,122.606,0,0.0,0.0,0.0,0.0,0,bottom,1,1,1,1,1
train/Good/Good (137).jpg,0,good,64.219,53.821,111.109,0.7348,175.789,15.064,0.481,115.781,122.84,122.84,0,0.0,0.0,0.0,0.0,0,bottom,1,1,1,1,1
train/Good/Good (138).jpg,0,good,60.922,50.446,109.929,0.7223,176.478,15.753,0.7254,119.078,123.84,123.84,0,0.0,0.0,0.0,0.0,0,bottom,1,1,1,1,1
train/Good/Good (139).jpg,0,good,62.861,51.634,109.769,0.732,176.366,15.64,0.6568,117.139,122.654,122.654,0,0.0,0.0,0.0,0.0,0,bottom,1,1,1,1,1
train/Good/Good (14).jpg,0,good,85.103,71.4,121.726,0.9251,0.145,-160.58,0.6419,94.897,95.283,95.283,0,0.0,0.0,0.0,0.0,0,bottom,1,0,1,1,1
train/Good/Good (140).jpg,0,good,63.302,49.44,108.452,0.7292,179.694,18.969,0.7763,116.698,121.183,121.183,0,0.0,0.0,0.0,0.0,0,bottom,1,1,0,1,1
train/Good/Good (141).jpg,0,good,66.721,51.598,106.791,0.7216,176.464,15.739,0.5491,113.279,118.18,118.18,0,0.0,0.0,0.0,0.0,0,bottom,1,1,1,1,1
train/Good/Good (142).jpg,0,good,69.378,55.181,109.25,0.7406,178.937,18.212,0.4689,110.622,116.016,116.016,0,0.0,0.0,0.0,0.0,0,bottom,1,1,1,1,1
train/Good/Good (143).jpg,0,good,72.224,61.477,112.395,0.7433,179.527,18.802,0.6899,107.776,113.298,113.298,0,0.0,0.0,0.0,0.0,0,bottom,1,1,1,1,1
train/Good/Good (144).jpg,0,good,74.897,63.597,114.591,0.7366,177.99,17.264,0.3937,105.103,110.296,110.296,0,0.0,0.0,0.0,0.0,0,bottom,1,1,1,1,1
train/Good/Good (145).jpg,0,good,79.566,73.798,120.688,0.726,179.512,18.787,0.6614,100.434,105.17,105.17,0,0.0,0.0,0.0,0.0,0,bottom,1,1,1,1,1
train/Good/Good (146).jpg,0,good,81.872,75.484,120.31,0.7217,178.174,17.449,0.8911,98.128,104.393,104.393,0,0.0,0.0,0.0,0.0,0,bottom,1,1,0,1,1
train/Good/Good (147).jpg,0,good,87.376,79.956,122.911,0.7306,176.136,15.411,1.6695,92.624,99.909,99.909,0,0.0,0.0,0.0,0.0,0,bottom,1,1,0,1,1
train/Good/Good (148).jpg,0,good,89.662,87.365,128.468,0.7574,177.561,16.835,0.7677,90.338,96.901,96.901,0,0.0,0.0,0.0,0.0,0,bottom,1,1,0,1,1
train/Good/Good (149).jpg,0,good,91.407,87.231,128.129,0.7144,178.991,18.266,0.3864,88.593,93.52,93.52,0,0.0,0.0,0.0,0.0,0,bottom,1,1,1,1,1
train/Good/Good (15).jpg,0,good,83.933,77.032,128.686,0.9534,0.48,-160.246,0.6461,96.067,92.484,96.067,0,0.0,0.0,0.0,0.0,0,bottom,0,0,1,1,1
train/Good/Good (150).jpg,0,good,91.575,83.308,124.457,0.8358,179.195,18.47,0.5878,88.425,95.176,95.176,0,0.0,0.0,0.0,0.0,0,bottom,1,1,1,1,1
